universo,origen,n_imputadas_ctx,pct_imputadas,n_outlier_ctx,imputadas_ultimas24h,tramo_cruza_t0
36_protocolo,2025-07-26 18:00:00+00:00,0,0.0,0,0,False
36_protocolo,2025-07-27 18:00:00+00:00,0,0.0,0,0,False
36_protocolo,2025-07-28 18:00:00+00:00,0,0.0,0,0,False
36_protocolo,2025-07-29 18:00:00+00:00,1,0.2,1,1,False
36_protocolo,2025-07-30 18:00:00+00:00,1,0.2,1,0,False
36_protocolo,2025-07-31 18:00:00+00:00,1,0.2,1,0,False
36_protocolo,2025-08-01 18:00:00+00:00,3,0.59,3,2,False
36_protocolo,2025-08-28 13:00:00+00:00,4,0.78,0,0,False
36_protocolo,2025-08-29 13:00:00+00:00,4,0.78,0,0,False
36_protocolo,2025-08-30 13:00:00+00:00,4,0.78,0,0,False
36_protocolo,2025-08-31 13:00:00+00:00,4,0.78,0,0,False
36_protocolo,2025-09-01 13:00:00+00:00,4,0.78,0,0,False
36_protocolo,2025-09-02 13:00:00+00:00,4,0.78,0,0,False
36_protocolo,2025-09-03 13:00:00+00:00,4,0.78,0,0,False
36_protocolo,2025-09-04 13:00:00+00:00,4,0.78,0,0,False
36_protocolo,2025-09-05 13:00:00+00:00,4,0.78,0,0,False
36_protocolo,2025-09-06 13:00:00+00:00,4,0.78,0,0,False
36_protocolo,2025-09-07 13:00:00+00:00,4,0.78,0,0,False
36_protocolo,2025-09-08 13:00:00+00:00,2,0.39,0,0,False
36_protocolo,2025-09-09 13:00:00+00:00,0,0.0,0,0,False
36_protocolo,2025-09-10 13:00:00+00:00,0,0.0,0,0,False
36_protocolo,2025-09-11 13:00:00+00:00,0,0.0,0,0,False
36_protocolo,2025-09-12 13:00:00+00:00,4,0.78,0,4,False
36_protocolo,2025-09-13 13:00:00+00:00,4,0.78,0,0,False
36_protocolo,2025-09-14 13:00:00+00:00,4,0.78,0,0,False
36_protocolo,2025-09-15 13:00:00+00:00,4,0.78,0,0,False
36_protocolo,2025-09-16 13:00:00+00:00,4,0.78,0,0,False
36_protocolo,2025-09-17 13:00:00+00:00,4,0.78,0,0,False
36_protocolo,2025-09-18 13:00:00+00:00,4,0.78,0,0,False
36_protocolo,2025-09-19 13:00:00+00:00,4,0.78,0,0,False
36_protocolo,2025-09-20 13:00:00+00:00,5,0.98,1,1,False
36_protocolo,2025-09-21 13:00:00+00:00,5,0.98,1,0,False
36_protocolo,2025-09-22 13:00:00+00:00,7,1.37,3,2,False
36_protocolo,2025-10-30 12:00:00+00:00,3,0.59,1,0,False
36_protocolo,2025-10-31 12:00:00+00:00,3,0.59,1,0,False
36_protocolo,2025-11-01 12:00:00+00:00,3,0.59,1,0,False
188_bloques,2024-06-07 15:00:00+00:00,5,0.98,5,0,False
188_bloques,2024-06-08 15:00:00+00:00,4,0.78,4,0,False
188_bloques,2024-06-09 15:00:00+00:00,4,0.78,4,0,False
188_bloques,2024-06-10 15:00:00+00:00,4,0.78,4,0,False
188_bloques,2024-07-04 14:00:00+00:00,1,0.2,1,0,False
188_bloques,2024-07-05 14:00:00+00:00,1,0.2,1,0,False
188_bloques,2024-07-06 14:00:00+00:00,1,0.2,1,0,False
188_bloques,2024-07-07 14:00:00+00:00,1,0.2,1,0,False
188_bloques,2024-07-08 14:00:00+00:00,1,0.2,1,0,False
188_bloques,2024-07-09 14:00:00+00:00,3,0.59,1,2,False
188_bloques,2024-07-10 14:00:00+00:00,3,0.59,1,0,False
188_bloques,2024-07-11 14:00:00+00:00,3,0.59,1,0,False
188_bloques,2024-07-12 14:00:00+00:00,3,0.59,1,0,False
188_bloques,2024-07-13 14:00:00+00:00,3,0.59,1,0,False
188_bloques,2024-07-14 14:00:00+00:00,3,0.59,1,0,False
188_bloques,2024-07-15 14:00:00+00:00,3,0.59,1,0,False
188_bloques,2024-07-16 14:00:00+00:00,3,0.59,1,0,False
188_bloques,2024-07-17 14:00:00+00:00,2,0.39,0,0,False
188_bloques,2024-07-18 14:00:00+00:00,2,0.39,0,0,False
188_bloques,2024-07-19 14:00:00+00:00,2,0.39,0,0,False
188_bloques,2024-07-20 14:00:00+00:00,2,0.39,0,0,False
188_bloques,2024-07-21 14:00:00+00:00,2,0.39,0,0,False
188_bloques,2024-07-22 14:00:00+00:00,2,0.39,0,0,False
188_bloques,2024-07-23 14:00:00+00:00,3,0.59,1,1,False
188_bloques,2024-07-24 14:00:00+00:00,3,0.59,1,0,False
188_bloques,2024-07-25 14:00:00+00:00,3,0.59,1,0,False
188_bloques,2024-07-26 14:00:00+00:00,3,0.59,1,0,False
188_bloques,2024-07-27 14:00:00+00:00,3,0.59,1,0,False
188_bloques,2024-07-28 14:00:00+00:00,3,0.59,1,0,False
188_bloques,2024-07-29 14:00:00+00:00,3,0.59,1,0,False
188_bloques,2024-07-30 14:00:00+00:00,3,0.59,1,0,False
188_bloques,2024-07-31 14:00:00+00:00,3,0.59,1,2,False
188_bloques,2024-08-01 00:00:00+00:00,3,0.59,1,2,False
188_bloques,2024-08-02 00:00:00+00:00,3,0.59,1,0,False
188_bloques,2024-08-03 00:00:00+00:00,3,0.59,1,0,False
188_bloques,2024-08-04 00:00:00+00:00,3,0.59,1,0,False
188_bloques,2024-08-05 00:00:00+00:00,4,0.78,2,1,False
188_bloques,2024-08-06 00:00:00+00:00,4,0.78,2,0,False
188_bloques,2024-08-07 00:00:00+00:00,4,0.78,2,0,False
188_bloques,2024-08-08 00:00:00+00:00,4,0.78,2,0,False
188_bloques,2024-08-09 00:00:00+00:00,4,0.78,2,0,False
188_bloques,2024-08-10 00:00:00+00:00,4,0.78,2,0,False
188_bloques,2024-08-11 00:00:00+00:00,4,0.78,2,0,False
188_bloques,2024-08-12 00:00:00+00:00,4,0.78,2,0,False
188_bloques,2024-08-13 00:00:00+00:00,4,0.78,2,0,False
188_bloques,2024-08-14 00:00:00+00:00,3,0.59,1,0,False
188_bloques,2024-08-15 00:00:00+00:00,3,0.59,1,0,False
188_bloques,2024-08-16 00:00:00+00:00,3,0.59,1,0,False
188_bloques,2024-08-17 00:00:00+00:00,3,0.59,1,0,False
188_bloques,2024-08-18 00:00:00+00:00,3,0.59,1,0,False
188_bloques,2024-08-19 00:00:00+00:00,3,0.59,1,0,False
188_bloques,2024-08-20 00:00:00+00:00,3,0.59,1,0,False
188_bloques,2024-08-21 00:00:00+00:00,3,0.59,1,0,False
188_bloques,2024-08-22 00:00:00+00:00,1,0.2,1,0,False
188_bloques,2024-08-23 00:00:00+00:00,1,0.2,1,0,False
188_bloques,2024-08-24 00:00:00+00:00,2,0.39,2,1,False
188_bloques,2024-08-25 00:00:00+00:00,2,0.39,2,0,False
188_bloques,2024-08-26 00:00:00+00:00,3,0.59,3,2,False
188_bloques,2024-08-27 00:00:00+00:00,3,0.59,3,0,False
188_bloques,2024-08-28 00:00:00+00:00,6,1.17,5,3,False
188_bloques,2024-08-29 00:00:00+00:00,6,1.17,5,0,False
188_bloques,2024-08-30 00:00:00+00:00,6,1.17,5,0,False
188_bloques,2024-08-31 00:00:00+00:00,6,1.17,5,0,False
188_bloques,2024-09-01 00:00:00+00:00,6,1.17,5,0,False
188_bloques,2024-09-02 00:00:00+00:00,6,1.17,5,0,False
188_bloques,2024-09-03 00:00:00+00:00,6,1.17,5,0,False
188_bloques,2024-09-04 00:00:00+00:00,6,1.17,5,0,False
188_bloques,2024-09-05 00:00:00+00:00,6,1.17,5,0,False
188_bloques,2024-09-06 00:00:00+00:00,6,1.17,5,0,False
188_bloques,2024-09-07 00:00:00+00:00,6,1.17,5,0,False
188_bloques,2024-09-08 00:00:00+00:00,9,1.76,8,3,False
188_bloques,2024-09-09 00:00:00+00:00,13,2.54,12,4,False
188_bloques,2024-10-04 15:00:00+00:00,13,2.54,7,3,False
188_bloques,2024-10-05 15:00:00+00:00,14,2.73,8,1,False
188_bloques,2024-10-06 15:00:00+00:00,12,2.34,6,0,False
188_bloques,2024-10-07 15:00:00+00:00,12,2.34,6,0,False
188_bloques,2024-10-08 15:00:00+00:00,11,2.15,5,0,False
188_bloques,2024-11-26 15:00:00+00:00,2,0.39,1,0,False
188_bloques,2024-11-27 15:00:00+00:00,1,0.2,0,0,False
188_bloques,2024-11-28 15:00:00+00:00,1,0.2,0,0,False
188_bloques,2024-11-29 15:00:00+00:00,1,0.2,0,0,False
188_bloques,2024-11-30 15:00:00+00:00,0,0.0,0,0,False
188_bloques,2024-12-01 00:00:00+00:00,0,0.0,0,0,False
188_bloques,2024-12-02 00:00:00+00:00,0,0.0,0,0,False
188_bloques,2024-12-03 00:00:00+00:00,0,0.0,0,0,False
188_bloques,2024-12-04 00:00:00+00:00,0,0.0,0,0,False
188_bloques,2024-12-05 00:00:00+00:00,0,0.0,0,0,False
188_bloques,2024-12-06 00:00:00+00:00,0,0.0,0,0,False
188_bloques,2024-12-07 00:00:00+00:00,0,0.0,0,0,False
188_bloques,2024-12-08 00:00:00+00:00,0,0.0,0,0,False
188_bloques,2024-12-09 00:00:00+00:00,0,0.0,0,0,False
188_bloques,2024-12-10 00:00:00+00:00,0,0.0,0,0,False
188_bloques,2024-12-11 00:00:00+00:00,0,0.0,0,0,False
188_bloques,2024-12-12 00:00:00+00:00,1,0.2,0,1,False
188_bloques,2024-12-13 00:00:00+00:00,1,0.2,0,0,False
188_bloques,2024-12-14 00:00:00+00:00,1,0.2,0,0,False
188_bloques,2025-03-02 22:00:00+00:00,0,0.0,0,0,False
188_bloques,2025-03-03 22:00:00+00:00,0,0.0,0,0,False
188_bloques,2025-03-04 22:00:00+00:00,0,0.0,0,0,False
188_bloques,2025-03-05 22:00:00+00:00,0,0.0,0,0,False
188_bloques,2025-03-06 22:00:00+00:00,0,0.0,0,0,False
188_bloques,2025-03-07 22:00:00+00:00,0,0.0,0,0,False
188_bloques,2025-04-03 20:00:00+00:00,2,0.39,2,1,False
188_bloques,2025-04-04 20:00:00+00:00,2,0.39,2,0,False
188_bloques,2025-04-05 20:00:00+00:00,2,0.39,2,0,False
188_bloques,2025-04-06 20:00:00+00:00,2,0.39,2,0,False
188_bloques,2025-04-07 20:00:00+00:00,2,0.39,2,0,False
188_bloques,2025-04-08 20:00:00+00:00,2,0.39,2,0,False
188_bloques,2025-04-09 20:00:00+00:00,2,0.39,2,0,False
188_bloques,2025-04-10 20:00:00+00:00,2,0.39,2,0,False
188_bloques,2025-04-11 20:00:00+00:00,2,0.39,2,0,False
188_bloques,2025-04-12 20:00:00+00:00,2,0.39,2,0,False
188_bloques,2025-04-13 20:00:00+00:00,2,0.39,2,0,False
188_bloques,2025-04-14 20:00:00+00:00,2,0.39,2,0,False
188_bloques,2025-04-15 20:00:00+00:00,2,0.39,2,0,False
188_bloques,2025-04-16 20:00:00+00:00,1,0.2,1,0,False
188_bloques,2025-04-17 20:00:00+00:00,1,0.2,1,0,False
188_bloques,2025-04-18 20:00:00+00:00,1,0.2,1,0,False
188_bloques,2025-04-19 20:00:00+00:00,1,0.2,1,0,False
188_bloques,2025-04-20 20:00:00+00:00,1,0.2,1,0,False
188_bloques,2025-04-21 20:00:00+00:00,1,0.2,1,0,False
188_bloques,2025-04-22 20:00:00+00:00,1,0.2,1,0,False
188_bloques,2025-04-23 20:00:00+00:00,3,0.59,1,2,False
188_bloques,2025-04-24 20:00:00+00:00,2,0.39,0,0,False
188_bloques,2025-04-25 20:00:00+00:00,2,0.39,0,0,False
188_bloques,2025-07-02 16:00:00+00:00,0,0.0,0,0,False
188_bloques,2025-07-03 16:00:00+00:00,0,0.0,0,0,False
188_bloques,2025-07-04 16:00:00+00:00,1,0.2,0,1,False
188_bloques,2025-07-05 16:00:00+00:00,1,0.2,0,0,False
188_bloques,2025-07-06 16:00:00+00:00,1,0.2,0,0,False
188_bloques,2025-07-07 16:00:00+00:00,1,0.2,0,0,False
188_bloques,2025-07-08 16:00:00+00:00,1,0.2,0,0,False
188_bloques,2025-07-09 16:00:00+00:00,1,0.2,0,0,False
188_bloques,2025-07-10 16:00:00+00:00,1,0.2,0,0,False
188_bloques,2025-07-11 16:00:00+00:00,1,0.2,0,0,False
188_bloques,2025-07-12 16:00:00+00:00,1,0.2,0,0,False
188_bloques,2025-07-13 16:00:00+00:00,1,0.2,0,0,False
188_bloques,2025-07-14 16:00:00+00:00,1,0.2,0,0,False
188_bloques,2025-07-15 16:00:00+00:00,1,0.2,0,0,False
188_bloques,2025-07-16 16:00:00+00:00,1,0.2,0,0,False
188_bloques,2025-07-17 16:00:00+00:00,1,0.2,0,0,False
188_bloques,2025-07-18 16:00:00+00:00,1,0.2,0,0,False
188_bloques,2025-07-19 16:00:00+00:00,1,0.2,0,0,False
188_bloques,2025-07-20 16:00:00+00:00,1,0.2,0,0,False
188_bloques,2025-07-21 16:00:00+00:00,1,0.2,0,0,False
188_bloques,2025-07-22 16:00:00+00:00,1,0.2,0,0,False
188_bloques,2025-07-23 16:00:00+00:00,1,0.2,0,0,False
188_bloques,2025-07-24 16:00:00+00:00,1,0.2,0,0,False
188_bloques,2025-07-25 16:00:00+00:00,1,0.2,0,0,False
188_bloques,2025-07-26 16:00:00+00:00,0,0.0,0,0,False
188_bloques,2025-07-27 16:00:00+00:00,0,0.0,0,0,False
188_bloques,2025-07-28 16:00:00+00:00,0,0.0,0,0,False
188_bloques,2025-07-29 16:00:00+00:00,1,0.2,1,1,False
188_bloques,2025-07-30 16:00:00+00:00,1,0.2,1,0,False
188_bloques,2025-07-31 16:00:00+00:00,1,0.2,1,0,False
188_bloques,2025-08-01 00:00:00+00:00,2,0.39,2,1,False
188_bloques,2025-08-02 00:00:00+00:00,3,0.59,3,1,False
188_bloques,2025-08-28 13:00:00+00:00,4,0.78,0,0,False
188_bloques,2025-08-29 13:00:00+00:00,4,0.78,0,0,False
188_bloques,2025-08-30 13:00:00+00:00,4,0.78,0,0,False
188_bloques,2025-08-31 13:00:00+00:00,4,0.78,0,0,False
188_bloques,2025-09-01 00:00:00+00:00,4,0.78,0,0,False
188_bloques,2025-09-02 00:00:00+00:00,4,0.78,0,0,False
188_bloques,2025-09-03 00:00:00+00:00,4,0.78,0,0,False
188_bloques,2025-09-04 00:00:00+00:00,4,0.78,0,0,False
188_bloques,2025-09-05 00:00:00+00:00,4,0.78,0,0,False
188_bloques,2025-09-06 00:00:00+00:00,4,0.78,0,0,False
188_bloques,2025-09-07 00:00:00+00:00,4,0.78,0,0,False
188_bloques,2025-09-08 00:00:00+00:00,4,0.78,0,0,False
188_bloques,2025-09-09 00:00:00+00:00,0,0.0,0,0,False
188_bloques,2025-09-10 00:00:00+00:00,0,0.0,0,0,False
188_bloques,2025-09-11 00:00:00+00:00,0,0.0,0,0,False
188_bloques,2025-09-12 00:00:00+00:00,4,0.78,0,4,False
188_bloques,2025-09-13 00:00:00+00:00,4,0.78,0,0,False
188_bloques,2025-09-14 00:00:00+00:00,4,0.78,0,0,False
188_bloques,2025-09-15 00:00:00+00:00,4,0.78,0,0,False
188_bloques,2025-09-16 00:00:00+00:00,4,0.78,0,0,False
188_bloques,2025-09-17 00:00:00+00:00,4,0.78,0,0,False
188_bloques,2025-09-18 00:00:00+00:00,4,0.78,0,0,False
188_bloques,2025-09-19 00:00:00+00:00,4,0.78,0,0,False
188_bloques,2025-09-20 00:00:00+00:00,4,0.78,0,0,False
188_bloques,2025-09-21 00:00:00+00:00,5,0.98,1,1,False
188_bloques,2025-09-22 00:00:00+00:00,5,0.98,1,0,False
188_bloques,2025-09-23 00:00:00+00:00,7,1.37,3,2,False
188_bloques,2025-10-30 12:00:00+00:00,3,0.59,1,0,False
188_bloques,2025-10-31 12:00:00+00:00,3,0.59,1,0,False
188_bloques,2025-11-01 00:00:00+00:00,3,0.59,1,0,False
188_bloques,2025-11-02 00:00:00+00:00,3,0.59,1,0,False
