modelo,C,covariables,H,MAE,RMSE,MAPE,R2,t_inf_s,n_ventanas,escenario
xgboost,24,U,6,3.4644349752658257,4.4750398202182184,17.19182191517692,0.3498908175345462,0.006948925722907815,36,lags24_U
xgboost,24,U,12,3.740562145798294,4.954734612338935,17.963543830885552,0.35776532635686764,0.006948925722907815,36,lags24_U
xgboost,24,U,24,3.8828832833855236,5.0373705566896225,18.00895682300885,0.25049848521698315,0.006948925722907815,36,lags24_U
xgboost,24,U,48,4.342432106733322,5.473193122967369,20.095084415116915,0.15192730196905557,0.006948925722907815,36,lags24_U
xgboost,24,P,6,3.5178149323236374,4.498110531193749,17.51718737766961,0.3431703665924839,0.00822290425033619,36,lags24_P
xgboost,24,P,12,3.757711535383154,4.966401804540185,18.159633580164183,0.3547371530456336,0.00822290425033619,36,lags24_P
xgboost,24,P,24,3.8562066682179768,4.996642674452411,18.068958263752176,0.2625691506827833,0.00822290425033619,36,lags24_P
xgboost,24,P,48,4.340508050477063,5.461657469278149,20.342709435522213,0.15549843969851562,0.00822290425033619,36,lags24_P
xgboost,24,F,6,3.6105381011206004,4.630504780230334,18.27635560062658,0.30393601149598626,0.007322309695559347,36,lags24_F
xgboost,24,F,12,3.8805760880752844,5.119395291844382,18.92705257618922,0.3143692560777325,0.007322309695559347,36,lags24_F
xgboost,24,F,24,3.9537454764489777,5.070353661250609,18.630553527304667,0.24065135611882926,0.007322309695559347,36,lags24_F
xgboost,24,F,48,4.38655069914129,5.449293712324599,20.731021859259783,0.15931757116814638,0.007322309695559347,36,lags24_F
xgboost,24,PF,6,3.603379237841046,4.6049815989162814,18.28479848971982,0.31158822484189086,0.006440058888983913,36,lags24_PF
xgboost,24,PF,12,3.8716263427557767,5.063370014257393,18.91151907449745,0.32929385624274765,0.006440058888983913,36,lags24_PF
xgboost,24,PF,24,3.9546596624674617,5.027838937497706,18.736983908470854,0.2533321874849229,0.006440058888983913,36,lags24_PF
xgboost,24,PF,48,4.405182046735728,5.444681995940482,20.917514476794352,0.16073990169207508,0.006440058888983913,36,lags24_PF
xgboost,48,U,6,3.4284159558916847,4.457718124338983,16.980581279191615,0.35491387870685587,0.006113957110857073,36,lags48_U
xgboost,48,U,12,3.7301645427279997,4.9524996103807055,17.863267323072023,0.35834459936477703,0.006113957110857073,36,lags48_U
xgboost,48,U,24,3.9209507222528805,5.054068717795769,18.15510458125609,0.24552126938199237,0.006113957110857073,36,lags48_U
xgboost,48,U,48,4.388399758206473,5.487212504873175,20.33370980949665,0.14757712393953903,0.006113957110857073,36,lags48_U
xgboost,48,P,6,3.4259918713695785,4.445473580189906,17.125563009719436,0.3584528809522616,0.007345013666458221,36,lags48_P
xgboost,48,P,12,3.69883998826698,4.90027126119501,17.82005900120405,0.37180684889523086,0.007345013666458221,36,lags48_P
xgboost,48,P,24,3.8016966383987003,4.913814369431068,17.73039183605562,0.2868149872675273,0.007345013666458221,36,lags48_P
xgboost,48,P,48,4.237270967408462,5.33804388837499,19.72418297780582,0.19329301509914865,0.007345013666458221,36,lags48_P
xgboost,48,F,6,3.491271573273593,4.509652988776078,17.55383503399413,0.33979510252994927,0.007457925972024289,36,lags48_F
xgboost,48,F,12,3.7604061539967857,4.9858700083001555,18.264314077624363,0.3496684007795251,0.007457925972024289,36,lags48_F
xgboost,48,F,24,3.927437678001545,5.020797872647786,18.376530627994946,0.25542201387998387,0.007457925972024289,36,lags48_F
xgboost,48,F,48,4.372207479653535,5.439793217359356,20.455806400250815,0.1622463679186532,0.007457925972024289,36,lags48_F
xgboost,48,PF,6,3.682446734211432,4.675267022245431,18.61517898304551,0.29041351986089414,0.006955452999035414,36,lags48_PF
xgboost,48,PF,12,3.8676684595037387,5.057722060592864,18.883393267086614,0.3307893047197661,0.006955452999035414,36,lags48_PF
xgboost,48,PF,24,3.933854367026576,5.009113957084838,18.56316278747076,0.25888340154067735,0.006955452999035414,36,lags48_PF
xgboost,48,PF,48,4.381320964097976,5.410262393039367,20.63024442455765,0.17131744946400718,0.006955452999035414,36,lags48_PF
xgboost,96,U,6,3.459689249916682,4.507965126235286,16.945253364090522,0.3402892099848106,0.007006427944159239,36,lags96_U
xgboost,96,U,12,3.7197320561938816,4.925525540906898,17.618558778112554,0.3653151895942961,0.007006427944159239,36,lags96_U
xgboost,96,U,24,3.820840618875292,4.927814595316914,17.602960118137783,0.28274524649828325,0.007006427944159239,36,lags96_U
xgboost,96,U,48,4.210186781662482,5.291355954388475,19.3625980148424,0.20734264671940328,0.007006427944159239,36,lags96_U
xgboost,96,P,6,3.4553921345554333,4.40739232143002,17.090499015885406,0.3693971729876141,0.007966021499467187,36,lags96_P
xgboost,96,P,12,3.706127863901633,4.860370369245519,17.853169333373735,0.3819954351282697,0.007966021499467187,36,lags96_P
xgboost,96,P,24,3.799193053201393,4.850144790305418,17.673170491508827,0.3051771000002522,0.007966021499467187,36,lags96_P
xgboost,96,P,48,4.174420350944555,5.223061917182886,19.345131210317977,0.22767181247309964,0.007966021499467187,36,lags96_P
xgboost,96,F,6,3.5354379571934853,4.548487720531471,17.48671109583217,0.3283754769592705,0.007129425360795317,36,lags96_F
xgboost,96,F,12,3.7681963668929206,4.9529476224766675,17.97764458553267,0.358228503491565,0.007129425360795317,36,lags96_F
xgboost,96,F,24,3.8430230287122136,4.910762386739851,17.78167270544356,0.2877006342196471,0.007129425360795317,36,lags96_F
xgboost,96,F,48,4.208905629486214,5.25554815290431,19.429644141984944,0.21803452956926583,0.007129425360795317,36,lags96_F
xgboost,96,PF,6,3.574017644735871,4.56535412332763,17.858962602695623,0.32338529424437623,0.007881716555049125,36,lags96_PF
xgboost,96,PF,12,3.8021099117950152,4.954974598386429,18.364631422946808,0.35770311067607596,0.007881716555049125,36,lags96_PF
xgboost,96,PF,24,3.9051210744734166,4.917338315686985,18.271487323485065,0.2857916979662388,0.007881716555049125,36,lags96_PF
xgboost,96,PF,48,4.248580106518887,5.2525024737009804,19.804042939754684,0.21894059143316214,0.007881716555049125,36,lags96_PF
xgboost,168,U,6,3.510607802703898,4.558635327683925,16.98797593297934,0.32537536582794724,0.007956002806572037,36,lags168_U
xgboost,168,U,12,3.743574587062553,4.931551977386205,17.590766876925017,0.3637611513259781,0.007956002806572037,36,lags168_U
xgboost,168,U,24,3.8602335258619287,4.920259166592997,17.644065284196323,0.2849429804721715,0.007956002806572037,36,lags168_U
xgboost,168,U,48,4.282491324646974,5.350350045369639,19.338412038044396,0.18956921430561013,0.007956002806572037,36,lags168_U
xgboost,168,P,6,3.5639791138209995,4.543539998516206,17.504323845388953,0.32983583226929203,0.009758150749904517,36,lags168_P
xgboost,168,P,12,3.821208927101559,4.988829307122413,18.163038274009473,0.3488961798146395,0.009758150749904517,36,lags168_P
xgboost,168,P,24,3.899018679445172,4.9280068854060675,18.006413201282104,0.28268926887625134,0.009758150749904517,36,lags168_P
xgboost,168,P,48,4.321335535395292,5.345734970619742,19.79751370187185,0.19096672494479083,0.009758150749904517,36,lags168_P
xgboost,168,F,6,3.6420230847060995,4.66991902345103,17.960272582759522,0.29203597144006765,0.0077360823601743,36,lags168_F
xgboost,168,F,12,3.9008789863409814,5.165432695639102,18.57823287453324,0.30198240800988196,0.0077360823601743,36,lags168_F
xgboost,168,F,24,3.9807737697936876,5.060161805897898,18.36831451784599,0.24370100269207484,0.0077360823601743,36,lags168_F
xgboost,168,F,48,4.406154130763476,5.4825275025809805,20.134967838734834,0.14903210613611706,0.0077360823601743,36,lags168_F
xgboost,168,PF,6,3.624591562937176,4.655802421739846,18.121928229903407,0.29630968187017304,0.007363973667250118,36,lags168_PF
xgboost,168,PF,12,3.907949135745013,5.1320043422773445,18.73229278025962,0.31098768516027453,0.007363973667250118,36,lags168_PF
xgboost,168,PF,24,3.9822462070429765,5.033762212127899,18.525909429185155,0.2515718591376783,0.007363973667250118,36,lags168_PF
xgboost,168,PF,48,4.4362868679011305,5.4985059345957605,20.446475859996216,0.14406470868487564,0.007363973667250118,36,lags168_PF
xgboost,336,U,6,3.611265973969111,4.622685121742736,17.437471971355027,0.30628495057619565,0.0071016274434643695,36,lags336_U
xgboost,336,U,12,3.9379724372757807,5.136889716538893,18.449324848748585,0.30967526024269953,0.0071016274434643695,36,lags336_U
xgboost,336,U,24,4.043899975132059,5.115145337462332,18.440658946511423,0.2271758730839173,0.0071016274434643695,36,lags336_U
xgboost,336,U,48,4.470492469668388,5.566294385386267,20.25487445247913,0.12282977902612813,0.0071016274434643695,36,lags336_U
xgboost,336,P,6,3.6443246130716234,4.627568285149893,17.851453541312548,0.30481856770266336,0.008737443445069302,36,lags336_P
xgboost,336,P,12,3.945903566943275,5.128689669939273,18.666419862217246,0.311877439867716,0.008737443445069302,36,lags336_P
xgboost,336,P,24,4.024746040988852,5.071811607394564,18.601976979552575,0.24021460212914558,0.008737443445069302,36,lags336_P
xgboost,336,P,48,4.4971317717543355,5.5675462906047715,20.655741653596742,0.12243516911483698,0.008737443445069302,36,lags336_P
xgboost,336,F,6,3.716842969712757,4.735648443454566,18.331199498890324,0.2719664371415701,0.007506604833502529,36,lags336_F
xgboost,336,F,12,4.011266607531795,5.229334595661111,19.113151342846717,0.284605140113691,0.007506604833502529,36,lags336_F
xgboost,336,F,24,4.110448998875087,5.1765714201307045,19.010322853426665,0.20850324868953896,0.007506604833502529,36,lags336_F
xgboost,336,F,48,4.533779078854455,5.621790318664216,20.803058050246275,0.10525182023202972,0.007506604833502529,36,lags336_F
xgboost,336,PF,6,3.6874309092223956,4.713108931684529,18.320659984538256,0.278880155658631,0.007433541165988168,36,lags336_PF
xgboost,336,PF,12,4.010833912072358,5.228859134727586,19.20964519225533,0.2847352242911363,0.007433541165988168,36,lags336_PF
xgboost,336,PF,24,4.1307748309771215,5.1948006464942,19.21897989840304,0.20291894319708792,0.007433541165988168,36,lags336_PF
xgboost,336,PF,48,4.588852846887376,5.695712019778091,21.154006084140274,0.08156678242053306,0.007433541165988168,36,lags336_PF
xgboost,512,U,6,3.885447580297157,4.892244700060328,18.797684498169666,0.22302179813745038,0.006511428445163701,36,lags512_U
xgboost,512,U,12,4.1080848445715725,5.234147710725356,19.428368095670255,0.2832876254960639,0.006511428445163701,36,lags512_U
xgboost,512,U,24,4.048747727326405,5.096887265718106,18.96498423746594,0.23268308537706228,0.006511428445163701,36,lags512_U
xgboost,512,U,48,4.402678131652467,5.4569323175546165,20.69703705079486,0.1569590482700549,0.006511428445163701,36,lags512_U
xgboost,512,P,6,3.864960132805759,4.848634947761361,18.75614876090991,0.2368121164049407,0.00817912883293401,36,lags512_P
xgboost,512,P,12,4.079683889371377,5.191476748613436,19.353311652589998,0.294925869712075,0.00817912883293401,36,lags512_P
xgboost,512,P,24,4.133720898319174,5.154796049954134,19.322168132464505,0.21514814290865847,0.00817912883293401,36,lags512_P
xgboost,512,P,48,4.475587234298389,5.510641120234205,20.953743645787355,0.14028244646908006,0.00817912883293401,36,lags512_P
xgboost,512,F,6,3.88353549684797,4.874252184387238,19.039536908746797,0.22872637186573452,0.0073975668330806205,36,lags512_F
xgboost,512,F,12,4.1683217173152505,5.298713464914144,19.98576881926718,0.2654965770456724,0.0073975668330806205,36,lags512_F
xgboost,512,F,24,4.144091316461562,5.186932809577532,19.5023790939484,0.20533156884262338,0.0073975668330806205,36,lags512_F
xgboost,512,F,48,4.466014252680319,5.518634049607558,20.93764259931686,0.13778667690265145,0.0073975668330806205,36,lags512_F
xgboost,512,PF,6,3.8996042667621027,4.9199525924691425,19.218025388526804,0.21419583200770997,0.007764165166817192,36,lags512_PF
xgboost,512,PF,12,4.165215324384195,5.280860999292448,19.945294337676657,0.2704376283007299,0.007764165166817192,36,lags512_PF
xgboost,512,PF,24,4.1120645821094515,5.137823187843329,19.325966315107966,0.22030809543560126,0.007764165166817192,36,lags512_PF
xgboost,512,PF,48,4.437849958075417,5.4538589147493175,20.754451227540773,0.15790840026291575,0.007764165166817192,36,lags512_PF
chronos2,64,U,6,3.8380704453382544,4.995803655085581,18.775373114958395,0.18977952351240968,0.008814687556069758,36,zs_C64_U
chronos2,64,U,12,4.088858287422745,5.329064548724078,19.367155123930786,0.25705799198583557,0.008814687556069758,36,zs_C64_U
chronos2,64,U,24,3.96082913407573,5.181994375500273,18.2646052191623,0.20684404243825993,0.008814687556069758,36,zs_C64_U
chronos2,64,U,48,4.291842019020775,5.478572315113674,19.642655863734383,0.1502594683326567,0.008814687556069758,36,zs_C64_U
chronos2,64,P,6,3.8541060793084445,4.986063143638726,18.863832124439156,0.19293587982204996,0.004961572860742712,36,zs_C64_P
chronos2,64,P,12,4.104873951276143,5.311537269486248,19.33460680855378,0.26193702381556117,0.004961572860742712,36,zs_C64_P
chronos2,64,P,24,4.04413984492973,5.229603464751789,18.5736969280716,0.19220300084572095,0.004961572860742712,36,zs_C64_P
chronos2,64,P,48,4.388193996835638,5.538904569873226,20.04721261510831,0.1314410446871228,0.004961572860742712,36,zs_C64_P
chronos2,64,F,6,3.8868765037274238,4.957482999501855,18.754491050941716,0.202161555858833,0.002379466084271876,36,zs_C64_F
chronos2,64,F,12,4.138313502823865,5.309976073075033,19.277961403056647,0.26237083115671855,0.002379466084271876,36,zs_C64_F
chronos2,64,F,24,4.103548891588494,5.221078004489666,18.573938007377137,0.1948346449818199,0.002379466084271876,36,zs_C64_F
chronos2,64,F,48,4.462681457599004,5.666809874718572,20.086987181241856,0.09086407175415734,0.002379466084271876,36,zs_C64_F
chronos2,64,PF,6,3.774787025022759,4.9414838984997616,18.493167212855116,0.20730291502617426,0.006591383277231621,36,zs_C64_PF
chronos2,64,PF,12,4.0736111305378095,5.3179854395977175,19.18358052363285,0.26014392920920393,0.006591383277231621,36,zs_C64_PF
chronos2,64,PF,24,3.979451914584195,5.157193639419697,18.209110262988258,0.21441787535004742,0.006591383277231621,36,zs_C64_PF
chronos2,64,PF,48,4.3190746417089745,5.456971277125197,19.668160125512877,0.15694701050641935,0.006591383277231621,36,zs_C64_PF
chronos2,128,U,6,3.7001608061916613,4.799827158522954,18.405632021567815,0.2520997309512638,0.0006202712506314532,36,zs_C128_U
chronos2,128,U,12,3.913506156073676,5.095513384976063,18.776862841078472,0.3207512508275103,0.0006202712506314532,36,zs_C128_U
chronos2,128,U,24,3.9513525488641528,5.075968030038715,18.417394896814198,0.2389687817060746,0.0006202712506314532,36,zs_C128_U
chronos2,128,U,48,4.357139597777967,5.411834105846385,20.210390231396094,0.1708359052919124,0.0006202712506314532,36,zs_C128_U
chronos2,128,P,6,3.6910332214516934,4.7805937879325775,18.215412896865153,0.25808153914508714,0.006139001999852351,36,zs_C128_P
chronos2,128,P,12,3.938530403949596,5.136651523334695,18.616061147738005,0.309739278299741,0.006139001999852351,36,zs_C128_P
chronos2,128,P,24,3.9887988015457436,5.100752875240829,18.270370861233356,0.23151873850475801,0.006139001999852351,36,zs_C128_P
chronos2,128,P,48,4.382359053750097,5.467511119229398,19.927286307688096,0.15368724386571564,0.006139001999852351,36,zs_C128_P
chronos2,128,F,6,3.615245119125124,4.60923246992835,17.750646555588094,0.3103166886773462,0.0030361632509286413,36,zs_C128_F
chronos2,128,F,12,3.7905183613741844,4.872852229162105,17.939525242236922,0.3788171788478524,0.0030361632509286413,36,zs_C128_F
chronos2,128,F,24,3.856516843769285,4.9211654193165115,17.626815880939162,0.28467954636089954,0.0030361632509286413,36,zs_C128_F
chronos2,128,F,48,4.135371734698613,5.223496419300781,18.70931312236748,0.22754330846654303,0.0030361632509286413,36,zs_C128_F
chronos2,128,PF,6,3.659047109210302,4.70310313621759,18.10142713846031,0.28193873917702117,0.008163804776914831,36,zs_C128_PF
chronos2,128,PF,12,3.888425663400579,5.0177017532349355,18.495003057287956,0.34133795020546376,0.008163804776914831,36,zs_C128_PF
chronos2,128,PF,24,3.857646915382809,4.924772593384142,17.73909395281214,0.2836305139327915,0.008163804776914831,36,zs_C128_PF
chronos2,128,PF,48,4.137218915753895,5.1723331248208675,18.90564091594424,0.24260137419581496,0.008163804776914831,36,zs_C128_PF
chronos2,256,U,6,3.6305802657112243,4.673500407422282,17.753347907826775,0.29094967283331796,0.0007737155279351606,36,zs_C256_U
chronos2,256,U,12,3.8827210141994337,5.025897526561313,18.180382296946494,0.3391845127173939,0.0007737155279351606,36,zs_C256_U
chronos2,256,U,24,3.9735467730628122,5.02977194531127,18.13405881354799,0.2527579478631854,0.0007737155279351606,36,zs_C256_U
chronos2,256,U,48,4.409439565340677,5.449054395276762,19.95922783772405,0.15939141017548475,0.0007737155279351606,36,zs_C256_U
chronos2,256,P,6,3.646825481798283,4.685952659004519,17.844445565889444,0.2871661980018355,0.010669090026769683,36,zs_C256_P
chronos2,256,P,12,3.9530112856405757,5.1366089984174765,18.461943955852703,0.309750707207625,0.010669090026769683,36,zs_C256_P
chronos2,256,P,24,3.974411685113554,5.062351292446087,18.11020264048706,0.24304637353495484,0.010669090026769683,36,zs_C256_P
chronos2,256,P,48,4.341514806526678,5.395488772607899,19.65700907756466,0.17583698115702062,0.010669090026769683,36,zs_C256_P
chronos2,256,F,6,3.470786172120029,4.49331173506266,16.940175249008163,0.3445710925796519,0.005393012027424347,36,zs_C256_F
chronos2,256,F,12,3.6881299165443133,4.795640867330411,17.267095206431655,0.3983467612894671,0.005393012027424347,36,zs_C256_F
chronos2,256,F,24,3.7794295197504537,4.782203162103874,17.23273003095882,0.3245071433897462,0.005393012027424347,36,zs_C256_F
chronos2,256,F,48,4.018221111937805,5.067582751348787,18.25099414313046,0.27296848721956257,0.005393012027424347,36,zs_C256_F
chronos2,256,PF,6,3.565114896486676,4.616309428922664,17.450860339122514,0.30819720021507335,0.015433410611068312,36,zs_C256_PF
chronos2,256,PF,12,3.8332256619135534,4.979563092719306,17.959628759762772,0.3513126443406004,0.015433410611068312,36,zs_C256_PF
chronos2,256,PF,24,3.8622524737428736,4.858520750398351,17.63603969143517,0.30277517824538036,0.015433410611068312,36,zs_C256_PF
chronos2,256,PF,48,4.052777220871714,5.0868831637634875,18.56096487345914,0.26741999204896394,0.015433410611068312,36,zs_C256_PF
chronos2,512,U,6,3.6314222479875755,4.718557676583748,17.431430126109504,0.2772118431413412,0.0014228201390425158,36,zs_C512_U
chronos2,512,U,12,4.008669548829396,5.162386078677558,18.412616216497298,0.3028055588354631,0.0014228201390425158,36,zs_C512_U
chronos2,512,U,24,4.119436272029524,5.1150596568443065,18.56905417548525,0.22720176305961848,0.0014228201390425158,36,zs_C512_U
chronos2,512,U,48,4.534515869727841,5.493774974145026,20.247505902502454,0.1455369827872096,0.0014228201390425158,36,zs_C512_U
chronos2,512,P,6,3.672302036739531,4.770500161474704,17.660676826607578,0.2612111680011835,0.01812042808321874,36,zs_C512_P
chronos2,512,P,12,4.0253961195769135,5.227958555117399,18.53588853275737,0.2849815867898208,0.01812042808321874,36,zs_C512_P
chronos2,512,P,24,4.0512430094789575,5.145218421377514,18.34804501016994,0.2180619482961682,0.01812042808321874,36,zs_C512_P
chronos2,512,P,48,4.407437397550654,5.45456919191619,19.866203902302214,0.15768904828014607,0.01812042808321874,36,zs_C512_P
chronos2,512,F,6,3.6404714256871946,4.733542539749351,17.57206962241112,0.272613794183442,0.009535215389203384,36,zs_C512_F
chronos2,512,F,12,3.9511641105899105,5.121020813206079,18.326342097955617,0.3139337810665921,0.009535215389203384,36,zs_C512_F
chronos2,512,F,24,3.9098033324877415,4.950105934313374,17.847889376826163,0.27624145813835355,0.009535215389203384,36,zs_C512_F
chronos2,512,F,48,4.0951351619870575,5.142653429537382,18.71468657433009,0.25126859061582973,0.009535215389203384,36,zs_C512_F
chronos2,512,PF,6,3.6676455355699726,4.773993546071878,17.722401337583253,0.2601287580183842,0.02716925558343064,36,zs_C512_PF
chronos2,512,PF,12,3.978066953818003,5.163325803899986,18.459247465329277,0.3025517107804202,0.02716925558343064,36,zs_C512_PF
chronos2,512,PF,24,3.9756126748190983,5.0221014249924485,18.12810151238237,0.25503533335532114,0.02716925558343064,36,zs_C512_PF
chronos2,512,PF,48,4.19765583925777,5.24385032454584,19.157876173979474,0.221511661748917,0.02716925558343064,36,zs_C512_PF
chronos2,512,U,6,3.658475529100529,4.7164473486805765,17.433482556476278,0.2778582181685998,0.002074991582453044,36,ft_C512_U
chronos2,512,U,12,3.9494733796296297,5.11807007006101,18.101918069249407,0.31472417893182325,0.002074991582453044,36,ft_C512_U
chronos2,512,U,24,4.026872106481481,5.073781924511882,18.076589867216356,0.23962415868426157,0.002074991582453044,36,ft_C512_U
chronos2,512,U,48,4.474103009259259,5.487513336857939,19.83593189116139,0.14748365458879464,0.002074991582453044,36,ft_C512_U
chronos2,512,P,6,3.6613921957671955,4.750392481273861,17.575881359912426,0.26742603915794283,0.012572441916240172,36,ft_C512_P
chronos2,512,P,12,4.020931712962963,5.211145927456888,18.47223314645069,0.28957305723591575,0.012572441916240172,36,ft_C512_P
chronos2,512,P,24,4.048909143518518,5.136172769993128,18.28852343310549,0.22080893429609383,0.012572441916240172,36,ft_C512_P
chronos2,512,P,48,4.425575810185186,5.466106174654453,19.86379071488161,0.15412212903466904,0.012572441916240172,36,ft_C512_P
chronos2,512,F,6,3.6255588624338624,4.6729452181174596,17.46095523760644,0.2911181263442293,0.0062499908623673646,36,ft_C512_F
chronos2,512,F,12,3.9564988425925924,5.097262280052328,18.267675705555305,0.3202849038409664,0.0062499908623673646,36,ft_C512_F
chronos2,512,F,24,3.933075810185185,4.939626781085676,17.823594582068257,0.2793025436452886,0.0062499908623673646,36,ft_C512_F
chronos2,512,F,48,4.125069444444444,5.135447185585949,18.674777234917634,0.2533654695753226,0.0062499908623673646,36,ft_C512_F
chronos2,512,PF,6,3.668058862433863,4.756327023754486,17.602362719228527,0.2655945244306077,0.018139511083265662,36,ft_C512_PF
chronos2,512,PF,12,3.992228009259259,5.163201746858305,18.378251568381668,0.30258522496695106,0.018139511083265662,36,ft_C512_PF
chronos2,512,PF,24,4.0007523148148145,5.034209370956011,18.091821451655168,0.25143888459465624,0.018139511083265662,36,ft_C512_PF
chronos2,512,PF,48,4.2299204282407405,5.260647021281517,19.129841072213157,0.2165164869103925,0.018139511083265662,36,ft_C512_PF
ttm,512,U,6,3.6760300098651295,4.6150626474635565,17.840315427594216,0.30857083653255646,0.0004731147491838783,36,zs_U
ttm,512,U,12,3.91461203372037,4.9915135412520835,18.135971039536745,0.3481953399315435,0.0004731147491838783,36,zs_U
ttm,512,U,24,4.001288246799398,4.951263339796124,18.138023332597385,0.27590296839826467,0.0004731147491838783,36,zs_U
ttm,512,U,48,4.423661511805323,5.37754315225953,19.861867834785336,0.1813102648544489,0.0004731147491838783,36,zs_U
ttm,512,U,6,3.5751431028174343,4.572685671944059,17.475602074291107,0.3212103844162634,0.0001270119440353786,36,ft5_U
ttm,512,U,12,3.79913105752733,4.924007070828038,17.601748940783494,0.3657064580308732,0.0001270119440353786,36,ft5_U
ttm,512,U,24,3.869106165656337,4.857625066527644,17.546893803717726,0.30303222581007594,0.0001270119440353786,36,ft5_U
ttm,512,U,48,4.3298017330081375,5.306439562200214,19.437963553628798,0.20281708695647438,0.0001270119440353786,36,ft5_U
ttm,512,P,6,3.694156600205355,4.658255218663723,18.00395693281911,0.29556804210780707,0.00016314272296666686,36,ft5_P
ttm,512,P,12,3.9672896371064357,5.0725639953035495,18.392452150013515,0.32685593129078594,0.00016314272296666686,36,ft5_P
ttm,512,P,24,4.019508097260086,4.969362924110456,18.175415551035424,0.2705993483238187,0.00016314272296666686,36,ft5_P
ttm,512,P,48,4.414779327578015,5.365222027814052,19.76400092229527,0.1850575605472683,0.00016314272296666686,36,ft5_P
ttm,512,F,6,3.588204023144232,4.586117367376719,17.61842852089684,0.31721680755791937,0.00027690475043426786,36,ft5_F
ttm,512,F,12,3.7145709747738302,4.861738711257517,17.404778036552106,0.3816474120014799,0.00027690475043426786,36,ft5_F
ttm,512,F,24,3.776644661161635,4.828362406990638,17.350426802012237,0.31140409460918184,0.00027690475043426786,36,ft5_F
ttm,512,F,48,4.1954576142628985,5.190316919377955,19.124418968142855,0.23732538738095055,0.00027690475043426786,36,ft5_F
ttm,512,PF,6,3.6720407788967955,4.5933142885651925,17.49439841578912,0.3150721644481149,0.0003782627787182315,36,ft5_PF
ttm,512,PF,12,3.9426027056905957,5.015789050495902,17.880492892447055,0.3418400065857612,0.0003782627787182315,36,ft5_PF
ttm,512,PF,24,4.025924511971296,4.969187556678973,18.021712517333558,0.27065082810653984,0.0003782627787182315,36,ft5_PF
ttm,512,PF,48,4.44266659076567,5.386296778860242,19.712933136234586,0.1786427503783231,0.0003782627787182315,36,ft5_PF
