modelo,fuente_cuantil,nominal,h,cobertura,anchura_media
c2_F_C1024,nativa,50,1,41.67,3.773
c2_F_C1024,nativa,50,2,36.11,4.466
c2_F_C1024,nativa,50,3,47.22,4.831
c2_F_C1024,nativa,50,4,38.89,5.017
c2_F_C1024,nativa,50,5,38.89,5.172
c2_F_C1024,nativa,50,6,44.44,5.235
c2_F_C1024,nativa,50,7,33.33,5.314
c2_F_C1024,nativa,50,8,25.0,5.356
c2_F_C1024,nativa,50,9,50.0,5.394
c2_F_C1024,nativa,50,10,50.0,5.382
c2_F_C1024,nativa,50,11,50.0,5.404
c2_F_C1024,nativa,50,12,38.89,5.401
c2_F_C1024,nativa,50,13,50.0,5.443
c2_F_C1024,nativa,50,14,50.0,5.486
c2_F_C1024,nativa,50,15,44.44,5.492
c2_F_C1024,nativa,50,16,47.22,5.547
c2_F_C1024,nativa,50,17,47.22,5.637
c2_F_C1024,nativa,50,18,50.0,5.695
c2_F_C1024,nativa,50,19,41.67,5.777
c2_F_C1024,nativa,50,20,38.89,5.872
c2_F_C1024,nativa,50,21,44.44,5.954
c2_F_C1024,nativa,50,22,44.44,5.979
c2_F_C1024,nativa,50,23,27.78,6.01
c2_F_C1024,nativa,50,24,44.44,6.049
c2_F_C1024,nativa,50,25,50.0,6.051
c2_F_C1024,nativa,50,26,50.0,6.109
c2_F_C1024,nativa,50,27,41.67,6.029
c2_F_C1024,nativa,50,28,47.22,6.064
c2_F_C1024,nativa,50,29,38.89,6.143
c2_F_C1024,nativa,50,30,41.67,6.167
c2_F_C1024,nativa,50,31,33.33,6.183
c2_F_C1024,nativa,50,32,36.11,6.223
c2_F_C1024,nativa,50,33,44.44,6.276
c2_F_C1024,nativa,50,34,44.44,6.3
c2_F_C1024,nativa,50,35,30.56,6.293
c2_F_C1024,nativa,50,36,44.44,6.379
c2_F_C1024,nativa,50,37,44.44,6.447
c2_F_C1024,nativa,50,38,52.78,6.45
c2_F_C1024,nativa,50,39,50.0,6.424
c2_F_C1024,nativa,50,40,41.67,6.457
c2_F_C1024,nativa,50,41,44.44,6.564
c2_F_C1024,nativa,50,42,50.0,6.635
c2_F_C1024,nativa,50,43,44.44,6.603
c2_F_C1024,nativa,50,44,47.22,6.632
c2_F_C1024,nativa,50,45,41.67,6.725
c2_F_C1024,nativa,50,46,38.89,6.764
c2_F_C1024,nativa,50,47,38.89,6.834
c2_F_C1024,nativa,50,48,38.89,6.875
c2_F_C1024,nativa,80,1,75.0,7.641
c2_F_C1024,nativa,80,2,75.0,8.893
c2_F_C1024,nativa,80,3,69.44,9.589
c2_F_C1024,nativa,80,4,72.22,9.907
c2_F_C1024,nativa,80,5,66.67,10.219
c2_F_C1024,nativa,80,6,66.67,10.446
c2_F_C1024,nativa,80,7,63.89,10.479
c2_F_C1024,nativa,80,8,69.44,10.573
c2_F_C1024,nativa,80,9,72.22,10.615
c2_F_C1024,nativa,80,10,69.44,10.592
c2_F_C1024,nativa,80,11,66.67,10.633
c2_F_C1024,nativa,80,12,66.67,10.64
c2_F_C1024,nativa,80,13,77.78,10.808
c2_F_C1024,nativa,80,14,77.78,10.875
c2_F_C1024,nativa,80,15,77.78,10.914
c2_F_C1024,nativa,80,16,80.56,11.035
c2_F_C1024,nativa,80,17,83.33,11.371
c2_F_C1024,nativa,80,18,83.33,11.468
c2_F_C1024,nativa,80,19,83.33,11.595
c2_F_C1024,nativa,80,20,80.56,11.784
c2_F_C1024,nativa,80,21,69.44,11.932
c2_F_C1024,nativa,80,22,80.56,12.06
c2_F_C1024,nativa,80,23,66.67,12.098
c2_F_C1024,nativa,80,24,72.22,12.173
c2_F_C1024,nativa,80,25,75.0,12.274
c2_F_C1024,nativa,80,26,80.56,12.284
c2_F_C1024,nativa,80,27,83.33,12.279
c2_F_C1024,nativa,80,28,75.0,12.364
c2_F_C1024,nativa,80,29,77.78,12.481
c2_F_C1024,nativa,80,30,77.78,12.575
c2_F_C1024,nativa,80,31,72.22,12.558
c2_F_C1024,nativa,80,32,66.67,12.636
c2_F_C1024,nativa,80,33,66.67,12.717
c2_F_C1024,nativa,80,34,69.44,12.748
c2_F_C1024,nativa,80,35,61.11,12.729
c2_F_C1024,nativa,80,36,80.56,12.881
c2_F_C1024,nativa,80,37,80.56,13.034
c2_F_C1024,nativa,80,38,75.0,13.089
c2_F_C1024,nativa,80,39,77.78,13.04
c2_F_C1024,nativa,80,40,77.78,13.147
c2_F_C1024,nativa,80,41,83.33,13.367
c2_F_C1024,nativa,80,42,72.22,13.468
c2_F_C1024,nativa,80,43,86.11,13.46
c2_F_C1024,nativa,80,44,77.78,13.484
c2_F_C1024,nativa,80,45,72.22,13.664
c2_F_C1024,nativa,80,46,77.78,13.797
c2_F_C1024,nativa,80,47,66.67,13.826
c2_F_C1024,nativa,80,48,75.0,14.041
c2_F_C512,nativa,50,1,41.67,3.789
c2_F_C512,nativa,50,2,36.11,4.476
c2_F_C512,nativa,50,3,47.22,4.823
c2_F_C512,nativa,50,4,38.89,5.004
c2_F_C512,nativa,50,5,41.67,5.123
c2_F_C512,nativa,50,6,50.0,5.171
c2_F_C512,nativa,50,7,27.78,5.318
c2_F_C512,nativa,50,8,30.56,5.302
c2_F_C512,nativa,50,9,38.89,5.279
c2_F_C512,nativa,50,10,44.44,5.204
c2_F_C512,nativa,50,11,47.22,5.14
c2_F_C512,nativa,50,12,30.56,5.116
c2_F_C512,nativa,50,13,47.22,5.147
c2_F_C512,nativa,50,14,47.22,5.229
c2_F_C512,nativa,50,15,33.33,5.29
c2_F_C512,nativa,50,16,27.78,5.339
c2_F_C512,nativa,50,17,41.67,5.425
c2_F_C512,nativa,50,18,36.11,5.489
c2_F_C512,nativa,50,19,44.44,5.592
c2_F_C512,nativa,50,20,36.11,5.69
c2_F_C512,nativa,50,21,38.89,5.808
c2_F_C512,nativa,50,22,47.22,5.799
c2_F_C512,nativa,50,23,36.11,5.806
c2_F_C512,nativa,50,24,50.0,5.869
c2_F_C512,nativa,50,25,52.78,5.854
c2_F_C512,nativa,50,26,47.22,5.843
c2_F_C512,nativa,50,27,33.33,5.775
c2_F_C512,nativa,50,28,36.11,5.749
c2_F_C512,nativa,50,29,36.11,5.801
c2_F_C512,nativa,50,30,27.78,5.837
c2_F_C512,nativa,50,31,30.56,5.915
c2_F_C512,nativa,50,32,36.11,5.943
c2_F_C512,nativa,50,33,47.22,5.787
c2_F_C512,nativa,50,34,41.67,5.737
c2_F_C512,nativa,50,35,38.89,5.679
c2_F_C512,nativa,50,36,36.11,5.68
c2_F_C512,nativa,50,37,52.78,5.729
c2_F_C512,nativa,50,38,52.78,5.699
c2_F_C512,nativa,50,39,33.33,5.697
c2_F_C512,nativa,50,40,36.11,5.759
c2_F_C512,nativa,50,41,33.33,5.857
c2_F_C512,nativa,50,42,36.11,6.017
c2_F_C512,nativa,50,43,36.11,6.095
c2_F_C512,nativa,50,44,41.67,6.143
c2_F_C512,nativa,50,45,36.11,6.205
c2_F_C512,nativa,50,46,44.44,6.255
c2_F_C512,nativa,50,47,38.89,6.324
c2_F_C512,nativa,50,48,47.22,6.348
c2_F_C512,nativa,80,1,75.0,7.583
c2_F_C512,nativa,80,2,72.22,8.82
c2_F_C512,nativa,80,3,69.44,9.463
c2_F_C512,nativa,80,4,75.0,9.802
c2_F_C512,nativa,80,5,66.67,10.013
c2_F_C512,nativa,80,6,66.67,10.216
c2_F_C512,nativa,80,7,61.11,10.328
c2_F_C512,nativa,80,8,61.11,10.307
c2_F_C512,nativa,80,9,69.44,10.25
c2_F_C512,nativa,80,10,63.89,10.118
c2_F_C512,nativa,80,11,69.44,10.029
c2_F_C512,nativa,80,12,69.44,9.986
c2_F_C512,nativa,80,13,77.78,10.133
c2_F_C512,nativa,80,14,66.67,10.225
c2_F_C512,nativa,80,15,72.22,10.313
c2_F_C512,nativa,80,16,72.22,10.432
c2_F_C512,nativa,80,17,75.0,10.609
c2_F_C512,nativa,80,18,75.0,10.733
c2_F_C512,nativa,80,19,75.0,10.904
c2_F_C512,nativa,80,20,75.0,11.09
c2_F_C512,nativa,80,21,66.67,11.256
c2_F_C512,nativa,80,22,69.44,11.336
c2_F_C512,nativa,80,23,69.44,11.304
c2_F_C512,nativa,80,24,72.22,11.427
c2_F_C512,nativa,80,25,75.0,11.491
c2_F_C512,nativa,80,26,75.0,11.414
c2_F_C512,nativa,80,27,75.0,11.406
c2_F_C512,nativa,80,28,77.78,11.382
c2_F_C512,nativa,80,29,72.22,11.5
c2_F_C512,nativa,80,30,66.67,11.553
c2_F_C512,nativa,80,31,63.89,11.63
c2_F_C512,nativa,80,32,63.89,11.687
c2_F_C512,nativa,80,33,69.44,11.496
c2_F_C512,nativa,80,34,58.33,11.394
c2_F_C512,nativa,80,35,61.11,11.29
c2_F_C512,nativa,80,36,80.56,11.345
c2_F_C512,nativa,80,37,80.56,11.457
c2_F_C512,nativa,80,38,69.44,11.417
c2_F_C512,nativa,80,39,72.22,11.432
c2_F_C512,nativa,80,40,72.22,11.548
c2_F_C512,nativa,80,41,69.44,11.755
c2_F_C512,nativa,80,42,75.0,11.995
c2_F_C512,nativa,80,43,80.56,12.137
c2_F_C512,nativa,80,44,77.78,12.171
c2_F_C512,nativa,80,45,61.11,12.32
c2_F_C512,nativa,80,46,66.67,12.38
c2_F_C512,nativa,80,47,61.11,12.495
c2_F_C512,nativa,80,48,69.44,12.634
c2_U_C512,nativa,50,1,47.22,3.582
c2_U_C512,nativa,50,2,36.11,4.634
c2_U_C512,nativa,50,3,41.67,5.11
c2_U_C512,nativa,50,4,44.44,5.373
c2_U_C512,nativa,50,5,38.89,5.55
c2_U_C512,nativa,50,6,36.11,5.646
c2_U_C512,nativa,50,7,33.33,5.762
c2_U_C512,nativa,50,8,44.44,5.803
c2_U_C512,nativa,50,9,41.67,5.794
c2_U_C512,nativa,50,10,41.67,5.841
c2_U_C512,nativa,50,11,44.44,5.8
c2_U_C512,nativa,50,12,36.11,5.812
c2_U_C512,nativa,50,13,38.89,5.835
c2_U_C512,nativa,50,14,44.44,5.846
c2_U_C512,nativa,50,15,36.11,5.846
c2_U_C512,nativa,50,16,27.78,5.815
c2_U_C512,nativa,50,17,36.11,5.897
c2_U_C512,nativa,50,18,33.33,6.079
c2_U_C512,nativa,50,19,27.78,6.131
c2_U_C512,nativa,50,20,36.11,6.135
c2_U_C512,nativa,50,21,44.44,6.175
c2_U_C512,nativa,50,22,44.44,6.197
c2_U_C512,nativa,50,23,25.0,6.255
c2_U_C512,nativa,50,24,44.44,6.27
c2_U_C512,nativa,50,25,47.22,6.219
c2_U_C512,nativa,50,26,47.22,6.261
c2_U_C512,nativa,50,27,33.33,6.228
c2_U_C512,nativa,50,28,44.44,6.245
c2_U_C512,nativa,50,29,41.67,6.254
c2_U_C512,nativa,50,30,33.33,6.333
c2_U_C512,nativa,50,31,27.78,6.345
c2_U_C512,nativa,50,32,36.11,6.293
c2_U_C512,nativa,50,33,25.0,6.273
c2_U_C512,nativa,50,34,27.78,6.384
c2_U_C512,nativa,50,35,33.33,6.356
c2_U_C512,nativa,50,36,36.11,6.362
c2_U_C512,nativa,50,37,30.56,6.406
c2_U_C512,nativa,50,38,30.56,6.358
c2_U_C512,nativa,50,39,25.0,6.339
c2_U_C512,nativa,50,40,16.67,6.391
c2_U_C512,nativa,50,41,27.78,6.387
c2_U_C512,nativa,50,42,27.78,6.472
c2_U_C512,nativa,50,43,25.0,6.462
c2_U_C512,nativa,50,44,30.56,6.488
c2_U_C512,nativa,50,45,30.56,6.514
c2_U_C512,nativa,50,46,33.33,6.533
c2_U_C512,nativa,50,47,27.78,6.589
c2_U_C512,nativa,50,48,38.89,6.562
c2_U_C512,nativa,80,1,75.0,7.156
c2_U_C512,nativa,80,2,66.67,9.043
c2_U_C512,nativa,80,3,72.22,9.861
c2_U_C512,nativa,80,4,80.56,10.347
c2_U_C512,nativa,80,5,75.0,10.615
c2_U_C512,nativa,80,6,72.22,10.902
c2_U_C512,nativa,80,7,63.89,11.003
c2_U_C512,nativa,80,8,72.22,11.051
c2_U_C512,nativa,80,9,66.67,11.044
c2_U_C512,nativa,80,10,69.44,11.146
c2_U_C512,nativa,80,11,69.44,11.122
c2_U_C512,nativa,80,12,72.22,11.112
c2_U_C512,nativa,80,13,69.44,11.174
c2_U_C512,nativa,80,14,69.44,11.214
c2_U_C512,nativa,80,15,72.22,11.229
c2_U_C512,nativa,80,16,72.22,11.153
c2_U_C512,nativa,80,17,80.56,11.482
c2_U_C512,nativa,80,18,69.44,11.658
c2_U_C512,nativa,80,19,75.0,11.711
c2_U_C512,nativa,80,20,75.0,11.769
c2_U_C512,nativa,80,21,72.22,11.796
c2_U_C512,nativa,80,22,69.44,11.935
c2_U_C512,nativa,80,23,66.67,11.953
c2_U_C512,nativa,80,24,72.22,11.978
c2_U_C512,nativa,80,25,75.0,11.968
c2_U_C512,nativa,80,26,69.44,11.968
c2_U_C512,nativa,80,27,66.67,12.013
c2_U_C512,nativa,80,28,69.44,12.107
c2_U_C512,nativa,80,29,58.33,12.116
c2_U_C512,nativa,80,30,63.89,12.261
c2_U_C512,nativa,80,31,66.67,12.176
c2_U_C512,nativa,80,32,63.89,12.162
c2_U_C512,nativa,80,33,66.67,12.299
c2_U_C512,nativa,80,34,63.89,12.374
c2_U_C512,nativa,80,35,58.33,12.343
c2_U_C512,nativa,80,36,63.89,12.374
c2_U_C512,nativa,80,37,61.11,12.435
c2_U_C512,nativa,80,38,55.56,12.502
c2_U_C512,nativa,80,39,63.89,12.475
c2_U_C512,nativa,80,40,58.33,12.527
c2_U_C512,nativa,80,41,50.0,12.551
c2_U_C512,nativa,80,42,61.11,12.635
c2_U_C512,nativa,80,43,69.44,12.651
c2_U_C512,nativa,80,44,66.67,12.7
c2_U_C512,nativa,80,45,63.89,12.729
c2_U_C512,nativa,80,46,66.67,12.73
c2_U_C512,nativa,80,47,63.89,12.742
c2_U_C512,nativa,80,48,63.89,12.817
c2_F_C128,nativa,50,1,38.89,3.847
c2_F_C128,nativa,50,2,30.56,4.544
c2_F_C128,nativa,50,3,36.11,4.979
c2_F_C128,nativa,50,4,33.33,5.243
c2_F_C128,nativa,50,5,47.22,5.5
c2_F_C128,nativa,50,6,38.89,5.571
c2_F_C128,nativa,50,7,36.11,5.689
c2_F_C128,nativa,50,8,30.56,5.691
c2_F_C128,nativa,50,9,47.22,5.725
c2_F_C128,nativa,50,10,33.33,5.666
c2_F_C128,nativa,50,11,52.78,5.563
c2_F_C128,nativa,50,12,47.22,5.418
c2_F_C128,nativa,50,13,50.0,5.452
c2_F_C128,nativa,50,14,38.89,5.507
c2_F_C128,nativa,50,15,38.89,5.589
c2_F_C128,nativa,50,16,38.89,5.677
c2_F_C128,nativa,50,17,41.67,6.09
c2_F_C128,nativa,50,18,47.22,6.206
c2_F_C128,nativa,50,19,50.0,6.369
c2_F_C128,nativa,50,20,55.56,6.547
c2_F_C128,nativa,50,21,44.44,6.747
c2_F_C128,nativa,50,22,44.44,6.793
c2_F_C128,nativa,50,23,50.0,6.85
c2_F_C128,nativa,50,24,47.22,6.844
c2_F_C128,nativa,50,25,52.78,6.847
c2_F_C128,nativa,50,26,50.0,6.912
c2_F_C128,nativa,50,27,47.22,6.894
c2_F_C128,nativa,50,28,44.44,6.875
c2_F_C128,nativa,50,29,44.44,6.968
c2_F_C128,nativa,50,30,44.44,6.929
c2_F_C128,nativa,50,31,33.33,6.967
c2_F_C128,nativa,50,32,44.44,6.996
c2_F_C128,nativa,50,33,44.44,6.834
c2_F_C128,nativa,50,34,33.33,6.747
c2_F_C128,nativa,50,35,41.67,6.647
c2_F_C128,nativa,50,36,44.44,6.663
c2_F_C128,nativa,50,37,47.22,6.697
c2_F_C128,nativa,50,38,36.11,6.681
c2_F_C128,nativa,50,39,36.11,6.753
c2_F_C128,nativa,50,40,36.11,6.847
c2_F_C128,nativa,50,41,38.89,6.984
c2_F_C128,nativa,50,42,41.67,7.167
c2_F_C128,nativa,50,43,44.44,7.335
c2_F_C128,nativa,50,44,47.22,7.506
c2_F_C128,nativa,50,45,44.44,7.671
c2_F_C128,nativa,50,46,41.67,7.734
c2_F_C128,nativa,50,47,41.67,7.836
c2_F_C128,nativa,50,48,44.44,7.808
c2_F_C128,nativa,80,1,75.0,7.731
c2_F_C128,nativa,80,2,72.22,9.042
c2_F_C128,nativa,80,3,69.44,9.833
c2_F_C128,nativa,80,4,80.56,10.301
c2_F_C128,nativa,80,5,77.78,10.751
c2_F_C128,nativa,80,6,75.0,10.937
c2_F_C128,nativa,80,7,63.89,11.063
c2_F_C128,nativa,80,8,75.0,11.126
c2_F_C128,nativa,80,9,80.56,11.182
c2_F_C128,nativa,80,10,75.0,11.107
c2_F_C128,nativa,80,11,72.22,10.991
c2_F_C128,nativa,80,12,75.0,10.752
c2_F_C128,nativa,80,13,77.78,10.828
c2_F_C128,nativa,80,14,72.22,10.917
c2_F_C128,nativa,80,15,75.0,11.059
c2_F_C128,nativa,80,16,75.0,11.173
c2_F_C128,nativa,80,17,86.11,12.155
c2_F_C128,nativa,80,18,83.33,12.365
c2_F_C128,nativa,80,19,83.33,12.545
c2_F_C128,nativa,80,20,75.0,12.861
c2_F_C128,nativa,80,21,69.44,13.202
c2_F_C128,nativa,80,22,77.78,13.331
c2_F_C128,nativa,80,23,66.67,13.324
c2_F_C128,nativa,80,24,75.0,13.368
c2_F_C128,nativa,80,25,77.78,13.414
c2_F_C128,nativa,80,26,77.78,13.475
c2_F_C128,nativa,80,27,83.33,13.556
c2_F_C128,nativa,80,28,86.11,13.536
c2_F_C128,nativa,80,29,80.56,13.736
c2_F_C128,nativa,80,30,75.0,13.729
c2_F_C128,nativa,80,31,63.89,13.77
c2_F_C128,nativa,80,32,69.44,13.801
c2_F_C128,nativa,80,33,69.44,13.73
c2_F_C128,nativa,80,34,75.0,13.545
c2_F_C128,nativa,80,35,72.22,13.314
c2_F_C128,nativa,80,36,77.78,13.377
c2_F_C128,nativa,80,37,83.33,13.412
c2_F_C128,nativa,80,38,80.56,13.494
c2_F_C128,nativa,80,39,77.78,13.635
c2_F_C128,nativa,80,40,75.0,13.795
c2_F_C128,nativa,80,41,72.22,14.053
c2_F_C128,nativa,80,42,80.56,14.348
c2_F_C128,nativa,80,43,83.33,14.672
c2_F_C128,nativa,80,44,77.78,14.972
c2_F_C128,nativa,80,45,69.44,15.314
c2_F_C128,nativa,80,46,75.0,15.464
c2_F_C128,nativa,80,47,69.44,15.557
c2_F_C128,nativa,80,48,80.56,15.611
c2_ens_ctx_F,nativa,50,1,41.67,3.803
c2_ens_ctx_F,nativa,50,2,38.89,4.495
c2_ens_ctx_F,nativa,50,3,38.89,4.878
c2_ens_ctx_F,nativa,50,4,36.11,5.088
c2_ens_ctx_F,nativa,50,5,41.67,5.265
c2_ens_ctx_F,nativa,50,6,47.22,5.326
c2_ens_ctx_F,nativa,50,7,41.67,5.44
c2_ens_ctx_F,nativa,50,8,25.0,5.45
c2_ens_ctx_F,nativa,50,9,50.0,5.466
c2_ens_ctx_F,nativa,50,10,44.44,5.417
c2_ens_ctx_F,nativa,50,11,47.22,5.369
c2_ens_ctx_F,nativa,50,12,44.44,5.311
c2_ens_ctx_F,nativa,50,13,52.78,5.347
c2_ens_ctx_F,nativa,50,14,47.22,5.407
c2_ens_ctx_F,nativa,50,15,38.89,5.457
c2_ens_ctx_F,nativa,50,16,41.67,5.521
c2_ens_ctx_F,nativa,50,17,47.22,5.717
c2_ens_ctx_F,nativa,50,18,47.22,5.797
c2_ens_ctx_F,nativa,50,19,47.22,5.913
c2_ens_ctx_F,nativa,50,20,44.44,6.036
c2_ens_ctx_F,nativa,50,21,41.67,6.17
c2_ens_ctx_F,nativa,50,22,47.22,6.19
c2_ens_ctx_F,nativa,50,23,44.44,6.222
c2_ens_ctx_F,nativa,50,24,52.78,6.254
c2_ens_ctx_F,nativa,50,25,50.0,6.251
c2_ens_ctx_F,nativa,50,26,55.56,6.288
c2_ens_ctx_F,nativa,50,27,38.89,6.233
c2_ens_ctx_F,nativa,50,28,50.0,6.229
c2_ens_ctx_F,nativa,50,29,47.22,6.304
c2_ens_ctx_F,nativa,50,30,38.89,6.311
c2_ens_ctx_F,nativa,50,31,33.33,6.355
c2_ens_ctx_F,nativa,50,32,47.22,6.387
c2_ens_ctx_F,nativa,50,33,50.0,6.299
c2_ens_ctx_F,nativa,50,34,47.22,6.262
c2_ens_ctx_F,nativa,50,35,38.89,6.206
c2_ens_ctx_F,nativa,50,36,47.22,6.24
c2_ens_ctx_F,nativa,50,37,50.0,6.291
c2_ens_ctx_F,nativa,50,38,55.56,6.276
c2_ens_ctx_F,nativa,50,39,36.11,6.292
c2_ens_ctx_F,nativa,50,40,36.11,6.354
c2_ens_ctx_F,nativa,50,41,38.89,6.468
c2_ens_ctx_F,nativa,50,42,47.22,6.607
c2_ens_ctx_F,nativa,50,43,47.22,6.678
c2_ens_ctx_F,nativa,50,44,44.44,6.76
c2_ens_ctx_F,nativa,50,45,44.44,6.867
c2_ens_ctx_F,nativa,50,46,44.44,6.918
c2_ens_ctx_F,nativa,50,47,36.11,6.998
c2_ens_ctx_F,nativa,50,48,44.44,7.01
c2_ens_ctx_F,nativa,80,1,77.78,7.651
c2_ens_ctx_F,nativa,80,2,72.22,8.919
c2_ens_ctx_F,nativa,80,3,69.44,9.628
c2_ens_ctx_F,nativa,80,4,80.56,10.003
c2_ens_ctx_F,nativa,80,5,72.22,10.328
c2_ens_ctx_F,nativa,80,6,72.22,10.533
c2_ens_ctx_F,nativa,80,7,63.89,10.623
c2_ens_ctx_F,nativa,80,8,69.44,10.669
c2_ens_ctx_F,nativa,80,9,75.0,10.683
c2_ens_ctx_F,nativa,80,10,66.67,10.606
c2_ens_ctx_F,nativa,80,11,72.22,10.551
c2_ens_ctx_F,nativa,80,12,77.78,10.46
c2_ens_ctx_F,nativa,80,13,77.78,10.589
c2_ens_ctx_F,nativa,80,14,75.0,10.673
c2_ens_ctx_F,nativa,80,15,80.56,10.762
c2_ens_ctx_F,nativa,80,16,75.0,10.88
c2_ens_ctx_F,nativa,80,17,83.33,11.378
c2_ens_ctx_F,nativa,80,18,83.33,11.522
c2_ens_ctx_F,nativa,80,19,83.33,11.681
c2_ens_ctx_F,nativa,80,20,80.56,11.911
c2_ens_ctx_F,nativa,80,21,75.0,12.13
c2_ens_ctx_F,nativa,80,22,75.0,12.242
c2_ens_ctx_F,nativa,80,23,69.44,12.242
c2_ens_ctx_F,nativa,80,24,75.0,12.323
c2_ens_ctx_F,nativa,80,25,83.33,12.393
c2_ens_ctx_F,nativa,80,26,80.56,12.391
c2_ens_ctx_F,nativa,80,27,83.33,12.414
c2_ens_ctx_F,nativa,80,28,80.56,12.427
c2_ens_ctx_F,nativa,80,29,77.78,12.573
c2_ens_ctx_F,nativa,80,30,77.78,12.619
c2_ens_ctx_F,nativa,80,31,66.67,12.653
c2_ens_ctx_F,nativa,80,32,69.44,12.708
c2_ens_ctx_F,nativa,80,33,72.22,12.648
c2_ens_ctx_F,nativa,80,34,66.67,12.562
c2_ens_ctx_F,nativa,80,35,66.67,12.444
c2_ens_ctx_F,nativa,80,36,80.56,12.534
c2_ens_ctx_F,nativa,80,37,80.56,12.634
c2_ens_ctx_F,nativa,80,38,77.78,12.667
c2_ens_ctx_F,nativa,80,39,80.56,12.702
c2_ens_ctx_F,nativa,80,40,80.56,12.83
c2_ens_ctx_F,nativa,80,41,77.78,13.058
c2_ens_ctx_F,nativa,80,42,77.78,13.27
c2_ens_ctx_F,nativa,80,43,86.11,13.423
c2_ens_ctx_F,nativa,80,44,77.78,13.542
c2_ens_ctx_F,nativa,80,45,69.44,13.766
c2_ens_ctx_F,nativa,80,46,72.22,13.88
c2_ens_ctx_F,nativa,80,47,63.89,13.959
c2_ens_ctx_F,nativa,80,48,77.78,14.095
xgb_E1,nativa,50,1,30.56,3.398
xgb_E1,nativa,50,2,41.67,5.088
xgb_E1,nativa,50,3,41.67,5.562
xgb_E1,nativa,50,4,30.56,5.315
xgb_E1,nativa,50,5,41.67,5.345
xgb_E1,nativa,50,6,47.22,5.207
xgb_E1,nativa,50,7,36.11,5.478
xgb_E1,nativa,50,8,36.11,5.508
xgb_E1,nativa,50,9,47.22,5.371
xgb_E1,nativa,50,10,41.67,5.338
xgb_E1,nativa,50,11,50.0,5.53
xgb_E1,nativa,50,12,44.44,5.515
xgb_E1,nativa,50,13,50.0,5.758
xgb_E1,nativa,50,14,44.44,5.748
xgb_E1,nativa,50,15,47.22,5.835
xgb_E1,nativa,50,16,47.22,5.463
xgb_E1,nativa,50,17,47.22,5.653
xgb_E1,nativa,50,18,44.44,5.78
xgb_E1,nativa,50,19,41.67,5.651
xgb_E1,nativa,50,20,44.44,5.62
xgb_E1,nativa,50,21,36.11,5.476
xgb_E1,nativa,50,22,36.11,5.64
xgb_E1,nativa,50,23,27.78,5.252
xgb_E1,nativa,50,24,33.33,5.368
xgb_E1,nativa,50,25,52.78,5.6
xgb_E1,nativa,50,26,44.44,5.864
xgb_E1,nativa,50,27,36.11,6.143
xgb_E1,nativa,50,28,30.56,5.76
xgb_E1,nativa,50,29,30.56,5.983
xgb_E1,nativa,50,30,36.11,5.956
xgb_E1,nativa,50,31,33.33,6.137
xgb_E1,nativa,50,32,33.33,6.287
xgb_E1,nativa,50,33,36.11,6.284
xgb_E1,nativa,50,34,27.78,6.318
xgb_E1,nativa,50,35,33.33,6.281
xgb_E1,nativa,50,36,52.78,6.392
xgb_E1,nativa,50,37,47.22,6.566
xgb_E1,nativa,50,38,47.22,6.579
xgb_E1,nativa,50,39,47.22,6.708
xgb_E1,nativa,50,40,44.44,6.342
xgb_E1,nativa,50,41,27.78,6.342
xgb_E1,nativa,50,42,33.33,6.251
xgb_E1,nativa,50,43,33.33,6.267
xgb_E1,nativa,50,44,36.11,6.065
xgb_E1,nativa,50,45,36.11,5.84
xgb_E1,nativa,50,46,36.11,5.654
xgb_E1,nativa,50,47,33.33,5.874
xgb_E1,nativa,50,48,33.33,5.964
xgb_E1,nativa,80,1,63.89,6.495
xgb_E1,nativa,80,2,63.89,9.102
xgb_E1,nativa,80,3,72.22,9.643
xgb_E1,nativa,80,4,77.78,9.479
xgb_E1,nativa,80,5,66.67,9.909
xgb_E1,nativa,80,6,69.44,9.706
xgb_E1,nativa,80,7,61.11,10.116
xgb_E1,nativa,80,8,66.67,10.266
xgb_E1,nativa,80,9,72.22,10.434
xgb_E1,nativa,80,10,75.0,10.869
xgb_E1,nativa,80,11,75.0,10.949
xgb_E1,nativa,80,12,77.78,11.088
xgb_E1,nativa,80,13,83.33,11.116
xgb_E1,nativa,80,14,77.78,11.216
xgb_E1,nativa,80,15,80.56,11.109
xgb_E1,nativa,80,16,72.22,10.903
xgb_E1,nativa,80,17,86.11,10.981
xgb_E1,nativa,80,18,80.56,10.835
xgb_E1,nativa,80,19,77.78,10.785
xgb_E1,nativa,80,20,69.44,10.605
xgb_E1,nativa,80,21,63.89,10.36
xgb_E1,nativa,80,22,66.67,10.169
xgb_E1,nativa,80,23,55.56,10.325
xgb_E1,nativa,80,24,63.89,10.276
xgb_E1,nativa,80,25,61.11,10.23
xgb_E1,nativa,80,26,66.67,10.449
xgb_E1,nativa,80,27,69.44,11.095
xgb_E1,nativa,80,28,63.89,10.726
xgb_E1,nativa,80,29,55.56,10.965
xgb_E1,nativa,80,30,63.89,10.964
xgb_E1,nativa,80,31,55.56,11.322
xgb_E1,nativa,80,32,61.11,11.599
xgb_E1,nativa,80,33,63.89,12.145
xgb_E1,nativa,80,34,66.67,12.298
xgb_E1,nativa,80,35,66.67,12.304
xgb_E1,nativa,80,36,75.0,12.057
xgb_E1,nativa,80,37,75.0,12.373
xgb_E1,nativa,80,38,72.22,12.357
xgb_E1,nativa,80,39,72.22,12.419
xgb_E1,nativa,80,40,69.44,11.905
xgb_E1,nativa,80,41,75.0,11.74
xgb_E1,nativa,80,42,69.44,11.601
xgb_E1,nativa,80,43,69.44,11.643
xgb_E1,nativa,80,44,66.67,11.513
xgb_E1,nativa,80,45,52.78,11.129
xgb_E1,nativa,80,46,61.11,11.312
xgb_E1,nativa,80,47,55.56,11.209
xgb_E1,nativa,80,48,66.67,11.091
xgb_E3,nativa,50,1,36.11,3.603
xgb_E3,nativa,50,2,38.89,5.32
xgb_E3,nativa,50,3,47.22,5.605
xgb_E3,nativa,50,4,33.33,5.326
xgb_E3,nativa,50,5,44.44,5.418
xgb_E3,nativa,50,6,38.89,5.312
xgb_E3,nativa,50,7,36.11,5.65
xgb_E3,nativa,50,8,47.22,5.874
xgb_E3,nativa,50,9,47.22,5.76
xgb_E3,nativa,50,10,38.89,5.622
xgb_E3,nativa,50,11,50.0,5.906
xgb_E3,nativa,50,12,44.44,5.919
xgb_E3,nativa,50,13,52.78,6.11
xgb_E3,nativa,50,14,44.44,6.052
xgb_E3,nativa,50,15,41.67,5.879
xgb_E3,nativa,50,16,41.67,5.714
xgb_E3,nativa,50,17,50.0,5.712
xgb_E3,nativa,50,18,44.44,5.669
xgb_E3,nativa,50,19,41.67,5.857
xgb_E3,nativa,50,20,41.67,5.617
xgb_E3,nativa,50,21,36.11,5.632
xgb_E3,nativa,50,22,36.11,5.71
xgb_E3,nativa,50,23,36.11,5.618
xgb_E3,nativa,50,24,38.89,5.635
xgb_E3,nativa,50,25,50.0,5.986
xgb_E3,nativa,50,26,41.67,5.752
xgb_E3,nativa,50,27,33.33,6.097
xgb_E3,nativa,50,28,27.78,5.832
xgb_E3,nativa,50,29,33.33,6.013
xgb_E3,nativa,50,30,27.78,5.672
xgb_E3,nativa,50,31,30.56,5.665
xgb_E3,nativa,50,32,41.67,6.234
xgb_E3,nativa,50,33,38.89,6.355
xgb_E3,nativa,50,34,27.78,6.188
xgb_E3,nativa,50,35,30.56,6.347
xgb_E3,nativa,50,36,41.67,6.167
xgb_E3,nativa,50,37,38.89,6.444
xgb_E3,nativa,50,38,44.44,6.235
xgb_E3,nativa,50,39,38.89,6.195
xgb_E3,nativa,50,40,36.11,6.094
xgb_E3,nativa,50,41,33.33,6.445
xgb_E3,nativa,50,42,36.11,6.351
xgb_E3,nativa,50,43,41.67,6.222
xgb_E3,nativa,50,44,33.33,5.964
xgb_E3,nativa,50,45,30.56,5.893
xgb_E3,nativa,50,46,33.33,5.684
xgb_E3,nativa,50,47,33.33,6.06
xgb_E3,nativa,50,48,38.89,6.087
xgb_E3,nativa,80,1,69.44,6.808
xgb_E3,nativa,80,2,66.67,9.606
xgb_E3,nativa,80,3,75.0,9.921
xgb_E3,nativa,80,4,77.78,9.594
xgb_E3,nativa,80,5,72.22,9.796
xgb_E3,nativa,80,6,69.44,10.187
xgb_E3,nativa,80,7,61.11,10.171
xgb_E3,nativa,80,8,72.22,10.704
xgb_E3,nativa,80,9,75.0,10.451
xgb_E3,nativa,80,10,75.0,10.913
xgb_E3,nativa,80,11,77.78,11.195
xgb_E3,nativa,80,12,80.56,11.2
xgb_E3,nativa,80,13,80.56,11.279
xgb_E3,nativa,80,14,83.33,11.234
xgb_E3,nativa,80,15,80.56,11.135
xgb_E3,nativa,80,16,75.0,11.076
xgb_E3,nativa,80,17,86.11,10.889
xgb_E3,nativa,80,18,83.33,11.016
xgb_E3,nativa,80,19,80.56,10.747
xgb_E3,nativa,80,20,66.67,10.573
xgb_E3,nativa,80,21,61.11,10.353
xgb_E3,nativa,80,22,63.89,10.203
xgb_E3,nativa,80,23,55.56,10.449
xgb_E3,nativa,80,24,63.89,10.355
xgb_E3,nativa,80,25,63.89,10.432
xgb_E3,nativa,80,26,66.67,10.774
xgb_E3,nativa,80,27,69.44,10.897
xgb_E3,nativa,80,28,61.11,11.032
xgb_E3,nativa,80,29,55.56,11.072
xgb_E3,nativa,80,30,66.67,11.484
xgb_E3,nativa,80,31,52.78,11.352
xgb_E3,nativa,80,32,61.11,11.919
xgb_E3,nativa,80,33,66.67,12.234
xgb_E3,nativa,80,34,72.22,12.511
xgb_E3,nativa,80,35,63.89,12.146
xgb_E3,nativa,80,36,75.0,11.966
xgb_E3,nativa,80,37,75.0,11.893
xgb_E3,nativa,80,38,72.22,11.737
xgb_E3,nativa,80,39,75.0,11.87
xgb_E3,nativa,80,40,63.89,12.169
xgb_E3,nativa,80,41,69.44,11.862
xgb_E3,nativa,80,42,69.44,11.716
xgb_E3,nativa,80,43,72.22,11.575
xgb_E3,nativa,80,44,63.89,11.268
xgb_E3,nativa,80,45,61.11,11.265
xgb_E3,nativa,80,46,61.11,11.312
xgb_E3,nativa,80,47,52.78,11.399
xgb_E3,nativa,80,48,61.11,11.176
xgb_E1,conformal,50,1,38.89,3.642
xgb_E1,conformal,50,2,58.33,7.717
xgb_E1,conformal,50,3,55.56,6.769
xgb_E1,conformal,50,4,38.89,5.062
xgb_E1,conformal,50,5,52.78,5.622
xgb_E1,conformal,50,6,63.89,6.76
xgb_E1,conformal,50,7,58.33,6.958
xgb_E1,conformal,50,8,61.11,8.389
xgb_E1,conformal,50,9,63.89,8.417
xgb_E1,conformal,50,10,58.33,7.318
xgb_E1,conformal,50,11,66.67,6.764
xgb_E1,conformal,50,12,55.56,5.362
xgb_E1,conformal,50,13,72.22,7.101
xgb_E1,conformal,50,14,55.56,7.014
xgb_E1,conformal,50,15,55.56,5.848
xgb_E1,conformal,50,16,52.78,6.089
xgb_E1,conformal,50,17,66.67,5.99
xgb_E1,conformal,50,18,63.89,8.278
xgb_E1,conformal,50,19,38.89,5.498
xgb_E1,conformal,50,20,44.44,6.52
xgb_E1,conformal,50,21,47.22,6.924
xgb_E1,conformal,50,22,44.44,6.452
xgb_E1,conformal,50,23,50.0,7.438
xgb_E1,conformal,50,24,41.67,6.007
xgb_E1,conformal,50,25,19.44,4.124
xgb_E1,conformal,50,26,58.33,9.135
xgb_E1,conformal,50,27,30.56,5.602
xgb_E1,conformal,50,28,19.44,4.68
xgb_E1,conformal,50,29,27.78,4.584
xgb_E1,conformal,50,30,38.89,5.165
xgb_E1,conformal,50,31,41.67,7.877
xgb_E1,conformal,50,32,55.56,10.233
xgb_E1,conformal,50,33,44.44,8.046
xgb_E1,conformal,50,34,47.22,8.275
xgb_E1,conformal,50,35,47.22,8.534
xgb_E1,conformal,50,36,41.67,6.785
xgb_E1,conformal,50,37,63.89,9.383
xgb_E1,conformal,50,38,50.0,7.47
xgb_E1,conformal,50,39,33.33,4.461
xgb_E1,conformal,50,40,55.56,7.454
xgb_E1,conformal,50,41,47.22,6.597
xgb_E1,conformal,50,42,66.67,10.653
xgb_E1,conformal,50,43,44.44,6.614
xgb_E1,conformal,50,44,61.11,9.746
xgb_E1,conformal,50,45,44.44,7.56
xgb_E1,conformal,50,46,36.11,6.236
xgb_E1,conformal,50,47,25.0,5.461
xgb_E1,conformal,50,48,19.44,4.591
xgb_E1,conformal,80,1,69.44,7.132
xgb_E1,conformal,80,2,94.44,14.892
xgb_E1,conformal,80,3,88.89,12.745
xgb_E1,conformal,80,4,75.0,10.169
xgb_E1,conformal,80,5,63.89,8.871
xgb_E1,conformal,80,6,72.22,10.788
xgb_E1,conformal,80,7,69.44,14.651
xgb_E1,conformal,80,8,88.89,19.384
xgb_E1,conformal,80,9,80.56,14.252
xgb_E1,conformal,80,10,83.33,13.601
xgb_E1,conformal,80,11,88.89,14.255
xgb_E1,conformal,80,12,88.89,15.197
xgb_E1,conformal,80,13,88.89,15.251
xgb_E1,conformal,80,14,88.89,15.24
xgb_E1,conformal,80,15,88.89,14.806
xgb_E1,conformal,80,16,86.11,12.808
xgb_E1,conformal,80,17,86.11,12.662
xgb_E1,conformal,80,18,88.89,15.476
xgb_E1,conformal,80,19,80.56,13.176
xgb_E1,conformal,80,20,72.22,13.931
xgb_E1,conformal,80,21,66.67,11.839
xgb_E1,conformal,80,22,61.11,10.005
xgb_E1,conformal,80,23,69.44,12.563
xgb_E1,conformal,80,24,72.22,13.362
xgb_E1,conformal,80,25,77.78,13.752
xgb_E1,conformal,80,26,86.11,16.527
xgb_E1,conformal,80,27,88.89,15.445
xgb_E1,conformal,80,28,77.78,12.663
xgb_E1,conformal,80,29,75.0,12.641
xgb_E1,conformal,80,30,80.56,15.659
xgb_E1,conformal,80,31,61.11,13.729
xgb_E1,conformal,80,32,75.0,17.035
xgb_E1,conformal,80,33,75.0,14.379
xgb_E1,conformal,80,34,83.33,16.945
xgb_E1,conformal,80,35,75.0,14.551
xgb_E1,conformal,80,36,83.33,14.618
xgb_E1,conformal,80,37,75.0,14.071
xgb_E1,conformal,80,38,77.78,13.065
xgb_E1,conformal,80,39,75.0,13.585
xgb_E1,conformal,80,40,72.22,11.521
xgb_E1,conformal,80,41,80.56,13.498
xgb_E1,conformal,80,42,86.11,18.188
xgb_E1,conformal,80,43,83.33,15.716
xgb_E1,conformal,80,44,75.0,14.14
xgb_E1,conformal,80,45,72.22,14.453
xgb_E1,conformal,80,46,77.78,16.985
xgb_E1,conformal,80,47,69.44,15.105
xgb_E1,conformal,80,48,63.89,13.173
xgb_E3,conformal,50,1,41.67,3.507
xgb_E3,conformal,50,2,58.33,7.841
xgb_E3,conformal,50,3,61.11,7.322
xgb_E3,conformal,50,4,33.33,4.889
xgb_E3,conformal,50,5,41.67,5.222
xgb_E3,conformal,50,6,52.78,6.821
xgb_E3,conformal,50,7,61.11,7.03
xgb_E3,conformal,50,8,61.11,9.241
xgb_E3,conformal,50,9,61.11,7.616
xgb_E3,conformal,50,10,55.56,7.417
xgb_E3,conformal,50,11,69.44,8.323
xgb_E3,conformal,50,12,41.67,5.43
xgb_E3,conformal,50,13,69.44,8.253
xgb_E3,conformal,50,14,58.33,7.816
xgb_E3,conformal,50,15,63.89,7.659
xgb_E3,conformal,50,16,61.11,6.649
xgb_E3,conformal,50,17,75.0,8.322
xgb_E3,conformal,50,18,63.89,7.662
xgb_E3,conformal,50,19,44.44,6.329
xgb_E3,conformal,50,20,47.22,6.222
xgb_E3,conformal,50,21,47.22,7.234
xgb_E3,conformal,50,22,38.89,6.218
xgb_E3,conformal,50,23,44.44,8.086
xgb_E3,conformal,50,24,33.33,5.864
xgb_E3,conformal,50,25,30.56,4.586
xgb_E3,conformal,50,26,55.56,8.661
xgb_E3,conformal,50,27,41.67,6.287
xgb_E3,conformal,50,28,8.33,3.656
xgb_E3,conformal,50,29,5.56,3.453
xgb_E3,conformal,50,30,25.0,4.315
xgb_E3,conformal,50,31,36.11,7.559
xgb_E3,conformal,50,32,50.0,10.224
xgb_E3,conformal,50,33,50.0,8.964
xgb_E3,conformal,50,34,50.0,9.3
xgb_E3,conformal,50,35,44.44,8.472
xgb_E3,conformal,50,36,36.11,6.372
xgb_E3,conformal,50,37,50.0,8.485
xgb_E3,conformal,50,38,47.22,7.567
xgb_E3,conformal,50,39,36.11,5.272
xgb_E3,conformal,50,40,47.22,7.401
xgb_E3,conformal,50,41,41.67,7.26
xgb_E3,conformal,50,42,61.11,10.079
xgb_E3,conformal,50,43,25.0,5.463
xgb_E3,conformal,50,44,61.11,10.862
xgb_E3,conformal,50,45,50.0,9.001
xgb_E3,conformal,50,46,36.11,6.601
xgb_E3,conformal,50,47,27.78,5.95
xgb_E3,conformal,50,48,19.44,4.555
xgb_E3,conformal,80,1,86.11,8.215
xgb_E3,conformal,80,2,83.33,13.801
xgb_E3,conformal,80,3,88.89,12.885
xgb_E3,conformal,80,4,72.22,10.053
xgb_E3,conformal,80,5,75.0,9.832
xgb_E3,conformal,80,6,75.0,11.057
xgb_E3,conformal,80,7,75.0,15.972
xgb_E3,conformal,80,8,88.89,19.593
xgb_E3,conformal,80,9,83.33,14.369
xgb_E3,conformal,80,10,88.89,15.606
xgb_E3,conformal,80,11,88.89,15.21
xgb_E3,conformal,80,12,88.89,16.156
xgb_E3,conformal,80,13,86.11,13.8
xgb_E3,conformal,80,14,88.89,14.805
xgb_E3,conformal,80,15,88.89,14.864
xgb_E3,conformal,80,16,86.11,13.606
xgb_E3,conformal,80,17,86.11,12.222
xgb_E3,conformal,80,18,86.11,14.622
xgb_E3,conformal,80,19,75.0,10.62
xgb_E3,conformal,80,20,91.67,16.035
xgb_E3,conformal,80,21,66.67,11.877
xgb_E3,conformal,80,22,80.56,12.613
xgb_E3,conformal,80,23,63.89,12.755
xgb_E3,conformal,80,24,69.44,12.855
xgb_E3,conformal,80,25,69.44,11.232
xgb_E3,conformal,80,26,80.56,15.24
xgb_E3,conformal,80,27,86.11,15.524
xgb_E3,conformal,80,28,63.89,11.834
xgb_E3,conformal,80,29,88.89,15.405
xgb_E3,conformal,80,30,83.33,16.926
xgb_E3,conformal,80,31,83.33,17.651
xgb_E3,conformal,80,32,83.33,18.248
xgb_E3,conformal,80,33,75.0,14.266
xgb_E3,conformal,80,34,80.56,14.074
xgb_E3,conformal,80,35,77.78,14.418
xgb_E3,conformal,80,36,83.33,15.103
xgb_E3,conformal,80,37,77.78,14.715
xgb_E3,conformal,80,38,77.78,14.451
xgb_E3,conformal,80,39,77.78,14.431
xgb_E3,conformal,80,40,72.22,11.257
xgb_E3,conformal,80,41,80.56,14.19
xgb_E3,conformal,80,42,77.78,16.311
xgb_E3,conformal,80,43,80.56,14.199
xgb_E3,conformal,80,44,88.89,16.318
xgb_E3,conformal,80,45,69.44,13.08
xgb_E3,conformal,80,46,86.11,18.005
xgb_E3,conformal,80,47,69.44,14.127
xgb_E3,conformal,80,48,75.0,15.43
ttm_zs_U,conformal,50,1,38.89,3.65
ttm_zs_U,conformal,50,2,50.0,6.759
ttm_zs_U,conformal,50,3,41.67,5.976
ttm_zs_U,conformal,50,4,22.22,4.279
ttm_zs_U,conformal,50,5,30.56,4.609
ttm_zs_U,conformal,50,6,44.44,5.616
ttm_zs_U,conformal,50,7,38.89,5.034
ttm_zs_U,conformal,50,8,66.67,8.61
ttm_zs_U,conformal,50,9,58.33,8.782
ttm_zs_U,conformal,50,10,50.0,6.474
ttm_zs_U,conformal,50,11,47.22,6.037
ttm_zs_U,conformal,50,12,33.33,4.458
ttm_zs_U,conformal,50,13,58.33,7.667
ttm_zs_U,conformal,50,14,52.78,6.606
ttm_zs_U,conformal,50,15,44.44,5.952
ttm_zs_U,conformal,50,16,33.33,5.454
ttm_zs_U,conformal,50,17,52.78,7.386
ttm_zs_U,conformal,50,18,55.56,8.147
ttm_zs_U,conformal,50,19,22.22,4.304
ttm_zs_U,conformal,50,20,38.89,5.995
ttm_zs_U,conformal,50,21,30.56,5.141
ttm_zs_U,conformal,50,22,38.89,5.634
ttm_zs_U,conformal,50,23,36.11,7.375
ttm_zs_U,conformal,50,24,44.44,5.835
ttm_zs_U,conformal,50,25,47.22,3.704
ttm_zs_U,conformal,50,26,50.0,6.977
ttm_zs_U,conformal,50,27,33.33,6.466
ttm_zs_U,conformal,50,28,30.56,4.061
ttm_zs_U,conformal,50,29,19.44,4.021
ttm_zs_U,conformal,50,30,22.22,4.745
ttm_zs_U,conformal,50,31,19.44,5.139
ttm_zs_U,conformal,50,32,52.78,9.478
ttm_zs_U,conformal,50,33,55.56,8.644
ttm_zs_U,conformal,50,34,38.89,7.149
ttm_zs_U,conformal,50,35,16.67,5.241
ttm_zs_U,conformal,50,36,36.11,5.807
ttm_zs_U,conformal,50,37,36.11,7.594
ttm_zs_U,conformal,50,38,41.67,7.989
ttm_zs_U,conformal,50,39,30.56,5.797
ttm_zs_U,conformal,50,40,22.22,5.484
ttm_zs_U,conformal,50,41,27.78,6.706
ttm_zs_U,conformal,50,42,47.22,9.76
ttm_zs_U,conformal,50,43,22.22,5.941
ttm_zs_U,conformal,50,44,44.44,7.528
ttm_zs_U,conformal,50,45,33.33,5.518
ttm_zs_U,conformal,50,46,30.56,6.577
ttm_zs_U,conformal,50,47,27.78,7.175
ttm_zs_U,conformal,50,48,27.78,5.069
ttm_zs_U,conformal,80,1,75.0,8.442
ttm_zs_U,conformal,80,2,91.67,14.195
ttm_zs_U,conformal,80,3,86.11,12.814
ttm_zs_U,conformal,80,4,72.22,9.291
ttm_zs_U,conformal,80,5,52.78,8.167
ttm_zs_U,conformal,80,6,58.33,9.517
ttm_zs_U,conformal,80,7,77.78,13.848
ttm_zs_U,conformal,80,8,86.11,14.727
ttm_zs_U,conformal,80,9,86.11,13.71
ttm_zs_U,conformal,80,10,83.33,13.313
ttm_zs_U,conformal,80,11,77.78,11.808
ttm_zs_U,conformal,80,12,94.44,15.456
ttm_zs_U,conformal,80,13,86.11,13.572
ttm_zs_U,conformal,80,14,91.67,14.736
ttm_zs_U,conformal,80,15,69.44,10.633
ttm_zs_U,conformal,80,16,80.56,10.939
ttm_zs_U,conformal,80,17,83.33,12.508
ttm_zs_U,conformal,80,18,97.22,17.266
ttm_zs_U,conformal,80,19,86.11,12.595
ttm_zs_U,conformal,80,20,77.78,11.272
ttm_zs_U,conformal,80,21,55.56,9.251
ttm_zs_U,conformal,80,22,66.67,10.636
ttm_zs_U,conformal,80,23,66.67,12.068
ttm_zs_U,conformal,80,24,66.67,10.733
ttm_zs_U,conformal,80,25,66.67,11.392
ttm_zs_U,conformal,80,26,80.56,14.593
ttm_zs_U,conformal,80,27,77.78,13.89
ttm_zs_U,conformal,80,28,61.11,10.501
ttm_zs_U,conformal,80,29,47.22,8.383
ttm_zs_U,conformal,80,30,58.33,9.464
ttm_zs_U,conformal,80,31,63.89,12.22
ttm_zs_U,conformal,80,32,75.0,13.279
ttm_zs_U,conformal,80,33,75.0,13.522
ttm_zs_U,conformal,80,34,77.78,14.486
ttm_zs_U,conformal,80,35,80.56,13.576
ttm_zs_U,conformal,80,36,88.89,15.145
ttm_zs_U,conformal,80,37,77.78,13.526
ttm_zs_U,conformal,80,38,75.0,13.562
ttm_zs_U,conformal,80,39,63.89,12.408
ttm_zs_U,conformal,80,40,61.11,11.449
ttm_zs_U,conformal,80,41,72.22,13.177
ttm_zs_U,conformal,80,42,94.44,18.728
ttm_zs_U,conformal,80,43,94.44,15.905
ttm_zs_U,conformal,80,44,88.89,16.363
ttm_zs_U,conformal,80,45,47.22,10.77
ttm_zs_U,conformal,80,46,61.11,12.15
ttm_zs_U,conformal,80,47,58.33,12.116
ttm_zs_U,conformal,80,48,63.89,11.787
ttm_ft5_F,conformal,50,1,27.78,3.909
ttm_ft5_F,conformal,50,2,47.22,5.384
ttm_ft5_F,conformal,50,3,58.33,6.606
ttm_ft5_F,conformal,50,4,38.89,5.89
ttm_ft5_F,conformal,50,5,36.11,4.217
ttm_ft5_F,conformal,50,6,38.89,5.517
ttm_ft5_F,conformal,50,7,55.56,6.445
ttm_ft5_F,conformal,50,8,66.67,9.034
ttm_ft5_F,conformal,50,9,58.33,5.577
ttm_ft5_F,conformal,50,10,41.67,4.989
ttm_ft5_F,conformal,50,11,52.78,7.308
ttm_ft5_F,conformal,50,12,38.89,6.153
ttm_ft5_F,conformal,50,13,69.44,8.743
ttm_ft5_F,conformal,50,14,52.78,7.344
ttm_ft5_F,conformal,50,15,50.0,7.723
ttm_ft5_F,conformal,50,16,30.56,4.602
ttm_ft5_F,conformal,50,17,52.78,6.898
ttm_ft5_F,conformal,50,18,55.56,8.534
ttm_ft5_F,conformal,50,19,36.11,4.6
ttm_ft5_F,conformal,50,20,30.56,5.664
ttm_ft5_F,conformal,50,21,30.56,4.724
ttm_ft5_F,conformal,50,22,52.78,8.064
ttm_ft5_F,conformal,50,23,30.56,7.749
ttm_ft5_F,conformal,50,24,36.11,6.691
ttm_ft5_F,conformal,50,25,30.56,6.705
ttm_ft5_F,conformal,50,26,30.56,6.857
ttm_ft5_F,conformal,50,27,44.44,8.8
ttm_ft5_F,conformal,50,28,25.0,6.003
ttm_ft5_F,conformal,50,29,8.33,3.187
ttm_ft5_F,conformal,50,30,27.78,4.405
ttm_ft5_F,conformal,50,31,27.78,5.108
ttm_ft5_F,conformal,50,32,52.78,8.555
ttm_ft5_F,conformal,50,33,52.78,8.877
ttm_ft5_F,conformal,50,34,41.67,8.227
ttm_ft5_F,conformal,50,35,25.0,6.165
ttm_ft5_F,conformal,50,36,33.33,5.751
ttm_ft5_F,conformal,50,37,52.78,8.642
ttm_ft5_F,conformal,50,38,47.22,8.575
ttm_ft5_F,conformal,50,39,41.67,8.743
ttm_ft5_F,conformal,50,40,22.22,4.909
ttm_ft5_F,conformal,50,41,27.78,6.467
ttm_ft5_F,conformal,50,42,44.44,7.916
ttm_ft5_F,conformal,50,43,33.33,6.309
ttm_ft5_F,conformal,50,44,30.56,6.882
ttm_ft5_F,conformal,50,45,38.89,6.481
ttm_ft5_F,conformal,50,46,41.67,7.895
ttm_ft5_F,conformal,50,47,25.0,5.228
ttm_ft5_F,conformal,50,48,25.0,6.785
ttm_ft5_F,conformal,80,1,75.0,12.716
ttm_ft5_F,conformal,80,2,80.56,17.464
ttm_ft5_F,conformal,80,3,83.33,15.599
ttm_ft5_F,conformal,80,4,72.22,11.889
ttm_ft5_F,conformal,80,5,77.78,13.552
ttm_ft5_F,conformal,80,6,66.67,12.306
ttm_ft5_F,conformal,80,7,75.0,15.122
ttm_ft5_F,conformal,80,8,91.67,16.027
ttm_ft5_F,conformal,80,9,77.78,13.743
ttm_ft5_F,conformal,80,10,91.67,15.948
ttm_ft5_F,conformal,80,11,83.33,12.782
ttm_ft5_F,conformal,80,12,97.22,17.961
ttm_ft5_F,conformal,80,13,88.89,14.474
ttm_ft5_F,conformal,80,14,88.89,15.111
ttm_ft5_F,conformal,80,15,86.11,12.661
ttm_ft5_F,conformal,80,16,80.56,12.063
ttm_ft5_F,conformal,80,17,86.11,13.881
ttm_ft5_F,conformal,80,18,94.44,21.742
ttm_ft5_F,conformal,80,19,86.11,14.685
ttm_ft5_F,conformal,80,20,80.56,13.429
ttm_ft5_F,conformal,80,21,80.56,14.376
ttm_ft5_F,conformal,80,22,80.56,13.641
ttm_ft5_F,conformal,80,23,80.56,15.86
ttm_ft5_F,conformal,80,24,75.0,13.203
ttm_ft5_F,conformal,80,25,55.56,10.868
ttm_ft5_F,conformal,80,26,83.33,17.252
ttm_ft5_F,conformal,80,27,80.56,15.484
ttm_ft5_F,conformal,80,28,75.0,13.637
ttm_ft5_F,conformal,80,29,75.0,15.113
ttm_ft5_F,conformal,80,30,47.22,9.148
ttm_ft5_F,conformal,80,31,58.33,11.823
ttm_ft5_F,conformal,80,32,80.56,14.036
ttm_ft5_F,conformal,80,33,69.44,13.708
ttm_ft5_F,conformal,80,34,86.11,16.348
ttm_ft5_F,conformal,80,35,72.22,14.0
ttm_ft5_F,conformal,80,36,83.33,15.193
ttm_ft5_F,conformal,80,37,80.56,14.712
ttm_ft5_F,conformal,80,38,77.78,13.533
ttm_ft5_F,conformal,80,39,61.11,12.676
ttm_ft5_F,conformal,80,40,77.78,12.891
ttm_ft5_F,conformal,80,41,75.0,14.548
ttm_ft5_F,conformal,80,42,97.22,23.227
ttm_ft5_F,conformal,80,43,72.22,14.528
ttm_ft5_F,conformal,80,44,72.22,13.019
ttm_ft5_F,conformal,80,45,72.22,14.818
ttm_ft5_F,conformal,80,46,72.22,14.845
ttm_ft5_F,conformal,80,47,75.0,16.002
ttm_ft5_F,conformal,80,48,66.67,14.332
c2_F_C1024,conformal,50,1,38.89,3.432
c2_F_C1024,conformal,50,2,61.11,7.507
c2_F_C1024,conformal,50,3,55.56,5.848
c2_F_C1024,conformal,50,4,38.89,4.883
c2_F_C1024,conformal,50,5,27.78,4.012
c2_F_C1024,conformal,50,6,44.44,4.662
c2_F_C1024,conformal,50,7,41.67,6.821
c2_F_C1024,conformal,50,8,66.67,9.643
c2_F_C1024,conformal,50,9,69.44,7.735
c2_F_C1024,conformal,50,10,58.33,6.174
c2_F_C1024,conformal,50,11,47.22,4.84
c2_F_C1024,conformal,50,12,36.11,5.701
c2_F_C1024,conformal,50,13,61.11,7.659
c2_F_C1024,conformal,50,14,63.89,7.194
c2_F_C1024,conformal,50,15,41.67,5.162
c2_F_C1024,conformal,50,16,44.44,6.1
c2_F_C1024,conformal,50,17,61.11,7.072
c2_F_C1024,conformal,50,18,61.11,7.294
c2_F_C1024,conformal,50,19,44.44,5.221
c2_F_C1024,conformal,50,20,33.33,5.189
c2_F_C1024,conformal,50,21,36.11,4.939
c2_F_C1024,conformal,50,22,36.11,5.16
c2_F_C1024,conformal,50,23,47.22,7.546
c2_F_C1024,conformal,50,24,36.11,5.509
c2_F_C1024,conformal,50,25,27.78,4.108
c2_F_C1024,conformal,50,26,61.11,8.877
c2_F_C1024,conformal,50,27,47.22,7.077
c2_F_C1024,conformal,50,28,27.78,4.391
c2_F_C1024,conformal,50,29,25.0,4.403
c2_F_C1024,conformal,50,30,22.22,4.662
c2_F_C1024,conformal,50,31,33.33,6.288
c2_F_C1024,conformal,50,32,52.78,8.774
c2_F_C1024,conformal,50,33,52.78,8.758
c2_F_C1024,conformal,50,34,44.44,7.5
c2_F_C1024,conformal,50,35,25.0,5.539
c2_F_C1024,conformal,50,36,30.56,5.373
c2_F_C1024,conformal,50,37,47.22,7.486
c2_F_C1024,conformal,50,38,66.67,8.42
c2_F_C1024,conformal,50,39,41.67,5.544
c2_F_C1024,conformal,50,40,38.89,6.857
c2_F_C1024,conformal,50,41,44.44,6.297
c2_F_C1024,conformal,50,42,58.33,8.788
c2_F_C1024,conformal,50,43,33.33,5.04
c2_F_C1024,conformal,50,44,41.67,5.809
c2_F_C1024,conformal,50,45,30.56,5.218
c2_F_C1024,conformal,50,46,30.56,4.395
c2_F_C1024,conformal,50,47,41.67,6.973
c2_F_C1024,conformal,50,48,33.33,6.41
c2_F_C1024,conformal,80,1,69.44,7.061
c2_F_C1024,conformal,80,2,86.11,14.005
c2_F_C1024,conformal,80,3,83.33,12.093
c2_F_C1024,conformal,80,4,69.44,8.53
c2_F_C1024,conformal,80,5,55.56,7.544
c2_F_C1024,conformal,80,6,63.89,9.108
c2_F_C1024,conformal,80,7,66.67,13.277
c2_F_C1024,conformal,80,8,77.78,13.773
c2_F_C1024,conformal,80,9,75.0,13.246
c2_F_C1024,conformal,80,10,86.11,15.428
c2_F_C1024,conformal,80,11,80.56,12.705
c2_F_C1024,conformal,80,12,97.22,14.737
c2_F_C1024,conformal,80,13,83.33,13.209
c2_F_C1024,conformal,80,14,83.33,12.863
c2_F_C1024,conformal,80,15,77.78,10.89
c2_F_C1024,conformal,80,16,75.0,9.813
c2_F_C1024,conformal,80,17,88.89,13.629
c2_F_C1024,conformal,80,18,94.44,18.026
c2_F_C1024,conformal,80,19,75.0,11.056
c2_F_C1024,conformal,80,20,75.0,12.179
c2_F_C1024,conformal,80,21,75.0,11.812
c2_F_C1024,conformal,80,22,83.33,11.883
c2_F_C1024,conformal,80,23,69.44,11.811
c2_F_C1024,conformal,80,24,77.78,11.238
c2_F_C1024,conformal,80,25,66.67,9.682
c2_F_C1024,conformal,80,26,80.56,14.476
c2_F_C1024,conformal,80,27,86.11,14.058
c2_F_C1024,conformal,80,28,69.44,10.191
c2_F_C1024,conformal,80,29,61.11,10.012
c2_F_C1024,conformal,80,30,69.44,11.575
c2_F_C1024,conformal,80,31,61.11,12.584
c2_F_C1024,conformal,80,32,72.22,13.673
c2_F_C1024,conformal,80,33,72.22,13.583
c2_F_C1024,conformal,80,34,86.11,16.064
c2_F_C1024,conformal,80,35,75.0,14.752
c2_F_C1024,conformal,80,36,83.33,13.119
c2_F_C1024,conformal,80,37,83.33,13.283
c2_F_C1024,conformal,80,38,77.78,13.336
c2_F_C1024,conformal,80,39,72.22,12.185
c2_F_C1024,conformal,80,40,69.44,10.926
c2_F_C1024,conformal,80,41,77.78,13.165
c2_F_C1024,conformal,80,42,91.67,17.796
c2_F_C1024,conformal,80,43,86.11,14.655
c2_F_C1024,conformal,80,44,88.89,16.304
c2_F_C1024,conformal,80,45,69.44,12.618
c2_F_C1024,conformal,80,46,80.56,13.57
c2_F_C1024,conformal,80,47,61.11,12.427
c2_F_C1024,conformal,80,48,69.44,13.271
c2_ens_ctx_F,conformal,50,1,38.89,3.669
c2_ens_ctx_F,conformal,50,2,66.67,8.307
c2_ens_ctx_F,conformal,50,3,52.78,6.653
c2_ens_ctx_F,conformal,50,4,30.56,4.673
c2_ens_ctx_F,conformal,50,5,41.67,4.92
c2_ens_ctx_F,conformal,50,6,38.89,4.564
c2_ens_ctx_F,conformal,50,7,38.89,5.693
c2_ens_ctx_F,conformal,50,8,52.78,8.192
c2_ens_ctx_F,conformal,50,9,61.11,7.119
c2_ens_ctx_F,conformal,50,10,41.67,5.151
c2_ens_ctx_F,conformal,50,11,44.44,4.918
c2_ens_ctx_F,conformal,50,12,44.44,5.604
c2_ens_ctx_F,conformal,50,13,61.11,7.445
c2_ens_ctx_F,conformal,50,14,50.0,6.294
c2_ens_ctx_F,conformal,50,15,41.67,5.996
c2_ens_ctx_F,conformal,50,16,44.44,5.968
c2_ens_ctx_F,conformal,50,17,55.56,6.747
c2_ens_ctx_F,conformal,50,18,58.33,7.216
c2_ens_ctx_F,conformal,50,19,41.67,5.158
c2_ens_ctx_F,conformal,50,20,36.11,6.065
c2_ens_ctx_F,conformal,50,21,30.56,5.262
c2_ens_ctx_F,conformal,50,22,55.56,6.798
c2_ens_ctx_F,conformal,50,23,52.78,7.15
c2_ens_ctx_F,conformal,50,24,41.67,5.26
c2_ens_ctx_F,conformal,50,25,38.89,4.401
c2_ens_ctx_F,conformal,50,26,61.11,8.724
c2_ens_ctx_F,conformal,50,27,44.44,6.364
c2_ens_ctx_F,conformal,50,28,27.78,3.967
c2_ens_ctx_F,conformal,50,29,22.22,3.648
c2_ens_ctx_F,conformal,50,30,25.0,4.17
c2_ens_ctx_F,conformal,50,31,25.0,5.664
c2_ens_ctx_F,conformal,50,32,61.11,8.7
c2_ens_ctx_F,conformal,50,33,58.33,7.95
c2_ens_ctx_F,conformal,50,34,44.44,6.013
c2_ens_ctx_F,conformal,50,35,41.67,6.303
c2_ens_ctx_F,conformal,50,36,44.44,6.578
c2_ens_ctx_F,conformal,50,37,63.89,8.572
c2_ens_ctx_F,conformal,50,38,61.11,8.668
c2_ens_ctx_F,conformal,50,39,38.89,6.677
c2_ens_ctx_F,conformal,50,40,36.11,6.412
c2_ens_ctx_F,conformal,50,41,44.44,6.858
c2_ens_ctx_F,conformal,50,42,58.33,8.485
c2_ens_ctx_F,conformal,50,43,44.44,5.807
c2_ens_ctx_F,conformal,50,44,47.22,5.901
c2_ens_ctx_F,conformal,50,45,30.56,4.752
c2_ens_ctx_F,conformal,50,46,41.67,6.583
c2_ens_ctx_F,conformal,50,47,44.44,7.22
c2_ens_ctx_F,conformal,50,48,30.56,5.218
c2_ens_ctx_F,conformal,80,1,72.22,7.212
c2_ens_ctx_F,conformal,80,2,94.44,14.82
c2_ens_ctx_F,conformal,80,3,83.33,12.581
c2_ens_ctx_F,conformal,80,4,75.0,8.833
c2_ens_ctx_F,conformal,80,5,61.11,8.259
c2_ens_ctx_F,conformal,80,6,66.67,9.943
c2_ens_ctx_F,conformal,80,7,63.89,13.62
c2_ens_ctx_F,conformal,80,8,80.56,13.038
c2_ens_ctx_F,conformal,80,9,80.56,13.93
c2_ens_ctx_F,conformal,80,10,88.89,16.176
c2_ens_ctx_F,conformal,80,11,83.33,11.739
c2_ens_ctx_F,conformal,80,12,94.44,13.738
c2_ens_ctx_F,conformal,80,13,86.11,13.326
c2_ens_ctx_F,conformal,80,14,83.33,12.652
c2_ens_ctx_F,conformal,80,15,83.33,11.883
c2_ens_ctx_F,conformal,80,16,77.78,10.643
c2_ens_ctx_F,conformal,80,17,86.11,13.755
c2_ens_ctx_F,conformal,80,18,97.22,18.897
c2_ens_ctx_F,conformal,80,19,83.33,12.618
c2_ens_ctx_F,conformal,80,20,83.33,13.703
c2_ens_ctx_F,conformal,80,21,72.22,10.524
c2_ens_ctx_F,conformal,80,22,80.56,11.706
c2_ens_ctx_F,conformal,80,23,77.78,12.616
c2_ens_ctx_F,conformal,80,24,75.0,11.467
c2_ens_ctx_F,conformal,80,25,69.44,10.154
c2_ens_ctx_F,conformal,80,26,77.78,13.348
c2_ens_ctx_F,conformal,80,27,88.89,14.205
c2_ens_ctx_F,conformal,80,28,72.22,10.069
c2_ens_ctx_F,conformal,80,29,58.33,8.627
c2_ens_ctx_F,conformal,80,30,72.22,11.487
c2_ens_ctx_F,conformal,80,31,75.0,13.089
c2_ens_ctx_F,conformal,80,32,83.33,13.782
c2_ens_ctx_F,conformal,80,33,72.22,13.248
c2_ens_ctx_F,conformal,80,34,91.67,17.567
c2_ens_ctx_F,conformal,80,35,72.22,14.502
c2_ens_ctx_F,conformal,80,36,86.11,13.275
c2_ens_ctx_F,conformal,80,37,88.89,13.23
c2_ens_ctx_F,conformal,80,38,80.56,13.09
c2_ens_ctx_F,conformal,80,39,83.33,13.386
c2_ens_ctx_F,conformal,80,40,80.56,11.503
c2_ens_ctx_F,conformal,80,41,86.11,13.952
c2_ens_ctx_F,conformal,80,42,100.0,19.623
c2_ens_ctx_F,conformal,80,43,88.89,14.75
c2_ens_ctx_F,conformal,80,44,94.44,17.41
c2_ens_ctx_F,conformal,80,45,77.78,12.573
c2_ens_ctx_F,conformal,80,46,86.11,13.767
c2_ens_ctx_F,conformal,80,47,63.89,12.218
c2_ens_ctx_F,conformal,80,48,75.0,12.264
