mejora,referencia,H,MAE_mejora,MAE_ref,delta,DM_stat,p_valor
xgb_dir_U,xgb_rec_E1,6,3.411,3.428,-0.017,-0.204,0.8399
xgb_dir_U,xgb_rec_E1,12,3.699,3.73,-0.031,-0.386,0.7021
xgb_dir_U,xgb_rec_E1,24,3.82,3.921,-0.101,-1.389,0.1738
xgb_dir_U,xgb_rec_E1,48,4.293,4.388,-0.095,-0.789,0.4354
xgb_dir_F,xgb_rec_E3,6,3.468,3.491,-0.023,-0.314,0.7553
xgb_dir_F,xgb_rec_E3,12,3.769,3.76,0.009,0.11,0.9129
xgb_dir_F,xgb_rec_E3,24,3.881,3.927,-0.047,-0.523,0.6044
xgb_dir_F,xgb_rec_E3,48,4.328,4.372,-0.044,-0.3,0.7658
xgb_rec_E1_sesgo,xgb_rec_E1,6,4.349,3.428,0.92,2.741,0.0096
xgb_rec_E1_sesgo,xgb_rec_E1,12,4.615,3.73,0.885,2.897,0.0065
xgb_rec_E1_sesgo,xgb_rec_E1,24,4.739,3.921,0.818,2.58,0.0142
xgb_rec_E1_sesgo,xgb_rec_E1,48,5.138,4.388,0.75,2.518,0.0165
xgb_rec_E3_sesgo,xgb_rec_E3,6,4.251,3.491,0.76,2.504,0.0171
xgb_rec_E3_sesgo,xgb_rec_E3,12,4.486,3.76,0.725,2.694,0.0108
xgb_rec_E3_sesgo,xgb_rec_E3,24,4.598,3.927,0.671,2.304,0.0273
xgb_rec_E3_sesgo,xgb_rec_E3,48,5.003,4.372,0.63,2.254,0.0306
c2_zs_U_C256_sesgo,c2_zs_U_C256,6,4.322,3.631,0.691,1.914,0.0638
c2_zs_U_C256_sesgo,c2_zs_U_C256,12,4.452,3.883,0.569,1.727,0.093
c2_zs_U_C256_sesgo,c2_zs_U_C256,24,4.466,3.974,0.492,1.525,0.1363
c2_zs_U_C256_sesgo,c2_zs_U_C256,48,4.7,4.409,0.291,0.994,0.327
c2_zs_U_C512_sesgo,c2_zs_U_C512,6,4.515,3.631,0.883,2.45,0.0194
c2_zs_U_C512_sesgo,c2_zs_U_C512,12,4.602,4.009,0.593,1.744,0.0899
c2_zs_U_C512_sesgo,c2_zs_U_C512,24,4.471,4.119,0.351,1.043,0.3042
c2_zs_U_C512_sesgo,c2_zs_U_C512,48,4.704,4.535,0.169,0.478,0.6355
c2_zs_F_C256_sesgo,c2_zs_F_C256,6,4.213,3.471,0.742,2.218,0.0331
c2_zs_F_C256_sesgo,c2_zs_F_C256,12,4.516,3.688,0.828,2.639,0.0123
c2_zs_F_C256_sesgo,c2_zs_F_C256,24,4.469,3.779,0.689,2.19,0.0353
c2_zs_F_C256_sesgo,c2_zs_F_C256,48,4.606,4.018,0.588,2.144,0.039
c2_zs_F_C512_sesgo,c2_zs_F_C512,6,4.498,3.64,0.858,2.348,0.0247
c2_zs_F_C512_sesgo,c2_zs_F_C512,12,4.849,3.951,0.898,2.572,0.0145
c2_zs_F_C512_sesgo,c2_zs_F_C512,24,4.731,3.91,0.821,2.392,0.0222
c2_zs_F_C512_sesgo,c2_zs_F_C512,48,4.827,4.095,0.732,2.251,0.0308
ttm_ft5_F_sesgo,ttm_ft5_F,6,4.154,3.76,0.394,1.494,0.1441
ttm_ft5_F_sesgo,ttm_ft5_F,12,4.338,3.968,0.37,1.473,0.1496
ttm_ft5_F_sesgo,ttm_ft5_F,24,4.27,4.005,0.265,1.052,0.3001
ttm_ft5_F_sesgo,ttm_ft5_F,48,4.566,4.43,0.136,0.487,0.6292
ens_ctx_U,c2_zs_U_C512,6,3.616,3.631,-0.015,-0.175,0.8617
ens_ctx_U,c2_zs_U_C512,12,3.888,4.009,-0.121,-1.425,0.1629
ens_ctx_U,c2_zs_U_C512,24,3.963,4.119,-0.157,-2.034,0.0496
ens_ctx_U,c2_zs_U_C512,48,4.378,4.535,-0.157,-1.138,0.2629
ens_ctx_F,c2_zs_F_C512,6,3.536,3.64,-0.105,-1.442,0.1581
ens_ctx_F,c2_zs_F_C512,12,3.753,3.951,-0.198,-2.416,0.0211
ens_ctx_F,c2_zs_F_C512,24,3.794,3.91,-0.116,-1.868,0.0702
ens_ctx_F,c2_zs_F_C512,48,3.984,4.095,-0.111,-1.09,0.2831
ens_par_simple,c2_zs_F_C256,6,3.394,3.471,-0.077,-1.22,0.2306
ens_par_simple,c2_zs_F_C256,12,3.656,3.688,-0.032,-0.361,0.7203
ens_par_simple,c2_zs_F_C256,24,3.785,3.779,0.006,0.085,0.9324
ens_par_simple,c2_zs_F_C256,48,4.116,4.018,0.098,1.077,0.2887
ens_par_pond,c2_zs_F_C256,6,3.395,3.471,-0.076,-1.255,0.2177
ens_par_pond,c2_zs_F_C256,12,3.655,3.688,-0.033,-0.404,0.689
ens_par_pond,c2_zs_F_C256,24,3.782,3.779,0.003,0.041,0.9677
ens_par_pond,c2_zs_F_C256,48,4.109,4.018,0.091,1.043,0.304
ens_trio_simple,c2_zs_F_C256,6,3.458,3.471,-0.013,-0.196,0.846
ens_trio_simple,c2_zs_F_C256,12,3.712,3.688,0.023,0.257,0.7984
ens_trio_simple,c2_zs_F_C256,24,3.81,3.779,0.03,0.396,0.6947
ens_trio_simple,c2_zs_F_C256,48,4.16,4.018,0.142,1.242,0.2226
ens_trio_pond,c2_zs_F_C256,6,3.461,3.471,-0.01,-0.157,0.8759
ens_trio_pond,c2_zs_F_C256,12,3.712,3.688,0.024,0.273,0.7868
ens_trio_pond,c2_zs_F_C256,24,3.809,3.779,0.029,0.387,0.7013
ens_trio_pond,c2_zs_F_C256,48,4.158,4.018,0.139,1.232,0.2261
ens_trio_pond_sesgo,c2_zs_F_C256,6,4.147,3.471,0.677,2.459,0.019
ens_trio_pond_sesgo,c2_zs_F_C256,12,4.402,3.688,0.714,2.597,0.0137
ens_trio_pond_sesgo,c2_zs_F_C256,24,4.387,3.779,0.608,2.174,0.0365
ens_trio_pond_sesgo,c2_zs_F_C256,48,4.643,4.018,0.625,2.085,0.0444
ens_trio_simple_sesgo,c2_zs_F_C256,6,4.15,3.471,0.679,2.468,0.0186
ens_trio_simple_sesgo,c2_zs_F_C256,12,4.404,3.688,0.716,2.6,0.0136
ens_trio_simple_sesgo,c2_zs_F_C256,24,4.393,3.779,0.614,2.189,0.0354
ens_trio_simple_sesgo,c2_zs_F_C256,48,4.652,4.018,0.633,2.099,0.0431
