modelo,config,H,n_ventanas,MAE,RMSE,MAPE,R2
xgboost,xgb_dir_U,6,36,3.4114990751074736,4.48336238743122,16.77298616819291,0.3474704553421607
xgboost,xgb_dir_U,12,36,3.698917198181152,4.902097351871934,17.43876105664224,0.37133856812612853
xgboost,xgb_dir_U,24,36,3.8198318868654746,4.945096932406923,17.424904393315614,0.27770545658335866
xgboost,xgb_dir_U,48,36,4.293376576988785,5.40530097026256,19.423226872927838,0.17283662136529976
xgboost,xgb_dir_F,6,36,3.4683670112064906,4.525838573128558,17.313820304864684,0.3350475185019136
xgboost,xgb_dir_F,12,36,3.769167718887329,4.9995458222743245,17.89933879815729,0.34609590031631654
xgboost,xgb_dir_F,24,36,3.880824580192566,5.019220489256989,17.790100200632114,0.25588978831916875
xgboost,xgb_dir_F,48,36,4.327834910882843,5.482914170941685,19.650622369040246,0.14891206881259167
xgboost,xgb_rec_E1,6,36,3.4284159558916847,4.457718124338983,16.980581279191615,0.35491387870685587
xgboost,xgb_rec_E1,12,36,3.7301645427279997,4.9524996103807055,17.863267323072023,0.35834459936477703
xgboost,xgb_rec_E1,24,36,3.9209507222528805,5.054068717795769,18.15510458125609,0.24552126938199237
xgboost,xgb_rec_E1,48,36,4.388399758206473,5.487212504873175,20.33370980949665,0.14757712393953903
xgboost,xgb_rec_E3,6,36,3.491271573273593,4.509652988776078,17.55383503399413,0.33979510252994927
xgboost,xgb_rec_E3,12,36,3.7604061539967857,4.9858700083001555,18.264314077624363,0.3496684007795251
xgboost,xgb_rec_E3,24,36,3.927437678001545,5.020797872647786,18.376530627994946,0.25542201387998387
xgboost,xgb_rec_E3,48,36,4.372207479653535,5.439793217359356,20.455806400250815,0.1622463679186532
chronos2,c2_zs_U_C128,6,36,3.7001608061916613,4.799827158522954,18.405632021567815,0.2520997309512638
chronos2,c2_zs_U_C128,12,36,3.913506156073676,5.095513384976063,18.776862841078472,0.3207512508275103
chronos2,c2_zs_U_C128,24,36,3.9513525488641528,5.075968030038715,18.417394896814198,0.2389687817060746
chronos2,c2_zs_U_C128,48,36,4.357139597777967,5.411834105846385,20.210390231396094,0.1708359052919124
chronos2,c2_zs_F_C128,6,36,3.615245119125124,4.60923246992835,17.750646555588094,0.3103166886773462
chronos2,c2_zs_F_C128,12,36,3.7905183613741844,4.872852229162105,17.939525242236922,0.3788171788478524
chronos2,c2_zs_F_C128,24,36,3.856516843769285,4.9211654193165115,17.626815880939162,0.28467954636089954
chronos2,c2_zs_F_C128,48,36,4.135371734698613,5.223496419300781,18.70931312236748,0.22754330846654303
chronos2,c2_zs_U_C256,6,36,3.6305802657112243,4.673500407422282,17.753347907826775,0.29094967283331796
chronos2,c2_zs_U_C256,12,36,3.8827210141994337,5.025897526561313,18.180382296946494,0.3391845127173939
chronos2,c2_zs_U_C256,24,36,3.9735467730628122,5.02977194531127,18.13405881354799,0.2527579478631854
chronos2,c2_zs_U_C256,48,36,4.409439565340677,5.449054395276762,19.95922783772405,0.15939141017548475
chronos2,c2_zs_F_C256,6,36,3.470786172120029,4.49331173506266,16.940175249008163,0.3445710925796519
chronos2,c2_zs_F_C256,12,36,3.6881299165443133,4.795640867330411,17.267095206431655,0.3983467612894671
chronos2,c2_zs_F_C256,24,36,3.7794295197504537,4.782203162103874,17.23273003095882,0.3245071433897462
chronos2,c2_zs_F_C256,48,36,4.018221111937805,5.067582751348787,18.25099414313046,0.27296848721956257
chronos2,c2_zs_U_C512,6,36,3.6314222479875755,4.718557676583748,17.431430126109504,0.2772118431413412
chronos2,c2_zs_U_C512,12,36,4.008669548829396,5.162386078677558,18.412616216497298,0.3028055588354631
chronos2,c2_zs_U_C512,24,36,4.119436272029524,5.1150596568443065,18.56905417548525,0.22720176305961848
chronos2,c2_zs_U_C512,48,36,4.534515869727841,5.493774974145026,20.247505902502454,0.1455369827872096
chronos2,c2_zs_F_C512,6,36,3.6404714256871946,4.733542539749351,17.57206962241112,0.272613794183442
chronos2,c2_zs_F_C512,12,36,3.9511641105899105,5.121020813206079,18.326342097955617,0.3139337810665921
chronos2,c2_zs_F_C512,24,36,3.9098033324877415,4.950105934313374,17.847889376826163,0.27624145813835355
chronos2,c2_zs_F_C512,48,36,4.0951351619870575,5.142653429537382,18.71468657433009,0.25126859061582973
ttm,ttm_ft5_F,6,36,3.760278545409914,4.705481886598578,18.087439384123773,0.2812121888933158
ttm,ttm_ft5_F,12,36,3.9682330401738484,5.0786183975648695,18.389226687310277,0.3252480985889872
ttm,ttm_ft5_F,24,36,4.005416609976026,4.981810920090013,18.114652944713093,0.26694055002231865
ttm,ttm_ft5_F,48,36,4.43039737785304,5.3827726750457385,19.835050014424752,0.17971718107687606
xgboost,xgb_rec_E1_sesgo,6,36,4.348647635098697,5.597333937122385,21.45794010538193,-0.01707956208746597
xgboost,xgb_rec_E1_sesgo,12,36,4.615184302845118,5.93659099985297,22.077599959006474,0.07800787309892254
xgboost,xgb_rec_E1_sesgo,24,36,4.738672457300586,6.12767803704551,21.789512508706025,-0.10906396017089715
xgboost,xgb_rec_E1_sesgo,48,36,5.13798913480323,6.532927796925827,23.56648124224382,-0.2082790728099586
xgboost,xgb_rec_E3_sesgo,6,36,4.251284991544811,5.421642981177563,20.92202436883816,0.04576723816881312
xgboost,xgb_rec_E3_sesgo,12,36,4.485596200595666,5.7644848032335325,21.376735818121865,0.1306914500766384
xgboost,xgb_rec_E3_sesgo,24,36,4.5982574568854435,5.96234433382644,21.08811141863526,-0.05002302688417104
xgboost,xgb_rec_E3_sesgo,48,36,5.002661073189459,6.3770008784504295,22.91924154809242,-0.15128935899628448
chronos2,c2_zs_U_C256_sesgo,6,36,4.321627919612949,5.565950722308212,21.360391349467182,-0.005706381876293243
chronos2,c2_zs_U_C256_sesgo,12,36,4.452119195608445,5.751468105357897,21.2273092722773,0.1346129630753079
chronos2,c2_zs_U_C256_sesgo,24,36,4.465600828351798,5.830527678077425,20.61411798770375,-0.004108026691993283
chronos2,c2_zs_U_C256_sesgo,48,36,4.700460756318069,6.018036500940242,21.489691520259065,-0.025324115501014655
chronos2,c2_zs_U_C512_sesgo,6,36,4.514668005540888,5.728292271603941,22.097037860443276,-0.0652286272107454
chronos2,c2_zs_U_C512_sesgo,12,36,4.601914594261735,5.8783567852940255,21.738591729926178,0.09600747843550772
chronos2,c2_zs_U_C512_sesgo,24,36,4.470545519671322,5.817945332134954,20.569550254480347,0.0002210505566391241
chronos2,c2_zs_U_C512_sesgo,48,36,4.703949567815403,5.982407208342252,21.34745535657051,-0.01321935946659103
chronos2,c2_zs_F_C256_sesgo,6,36,4.2131685133312535,5.525830667987908,20.913584822822294,0.008739874093235844
chronos2,c2_zs_F_C256_sesgo,12,36,4.516211018297407,5.778051190149328,21.502453533947033,0.12659489884603292
chronos2,c2_zs_F_C256_sesgo,24,36,4.468696528956478,5.788102760973458,20.576785881623536,0.01045127872685181
chronos2,c2_zs_F_C256_sesgo,48,36,4.60572883894966,5.998335509035808,21.054841346622872,-0.018621983231592365
chronos2,c2_zs_F_C512_sesgo,6,36,4.498234663375472,5.810811745365118,22.348197065659964,-0.09614019482619751
chronos2,c2_zs_F_C512_sesgo,12,36,4.849391864876687,6.123535157520513,23.077715104786996,0.019026252397422505
chronos2,c2_zs_F_C512_sesgo,24,36,4.730769027243426,6.099202728903567,21.78153731482947,-0.09878027374182263
chronos2,c2_zs_F_C512_sesgo,48,36,4.827314219334979,6.266241825290975,22.110539606172214,-0.1116442837626006
ttm,ttm_ft5_F_sesgo,6,36,4.154177054723944,5.300275237993057,20.416991649041016,0.08801155184218135
ttm,ttm_ft5_F_sesgo,12,36,4.33817032010467,5.558329669373988,20.572886978426627,0.19175773499277482
ttm,ttm_ft5_F_sesgo,24,36,4.270105286888135,5.529932888185136,19.66123886519839,0.096757347378009
ttm,ttm_ft5_F_sesgo,48,36,4.566279841543716,5.773772958049126,20.71969300384648,0.0562196273963641
ensemble,ens_ctx_U,6,36,3.6162532999906594,4.678582602541934,17.70426914769743,0.28940672167149994
ensemble,ens_ctx_U,12,36,3.887993835313821,5.031624204514375,18.258956170604133,0.3376777436561258
ensemble,ens_ctx_U,24,36,3.9627285264598004,5.00226415488613,18.153902629650286,0.2609089218911531
ensemble,ens_ctx_U,48,36,4.3779818290324855,5.357323076285604,19.903699452542682,0.18745539318689786
ensemble,ens_ctx_F,6,36,3.5357369693540814,4.562434603243021,17.231854037097662,0.3242504006715192
ensemble,ens_ctx_F,12,36,3.753017083538903,4.868146728026838,17.59243579192972,0.38001629798269076
ensemble,ens_ctx_F,24,36,3.7936011256406337,4.80992559011772,17.334765984498997,0.3166527801876958
ensemble,ens_ctx_F,48,36,3.9838472410043084,5.0305001220993,18.16956959434948,0.28356983267553126
ensemble,ens_par_simple,6,36,3.394027358968422,4.412627134418512,16.72738440461959,0.36789830561347947
ensemble,ens_par_simple,12,36,3.6563963272836473,4.791855027140522,17.354037210072505,0.39929631693932144
ensemble,ens_par_simple,24,36,3.7854877984744526,4.820475827248102,17.42433387394452,0.31365174334530743
ensemble,ens_par_simple,48,36,4.116029397657624,5.146427853543055,18.917441825849206,0.2501691321673347
ensemble,ens_par_simple_sesgo,6,36,4.1785925455499155,5.487118257132071,20.777821842119224,0.022580200590598176
ensemble,ens_par_simple_sesgo,12,36,4.463341694816394,5.775797978405144,21.408603339556418,0.12727595301186534
ensemble,ens_par_simple_sesgo,24,36,4.501459207551346,5.862849133820042,20.760664712597592,-0.015271403235574299
ensemble,ens_par_simple_sesgo,48,36,4.760565830594228,6.128438625450154,21.835319409375824,-0.06328875085908803
ensemble,ens_par_pond,6,36,3.394739828202,4.413440324406497,16.72556050966737,0.36766530784724993
ensemble,ens_par_pond,12,36,3.654761018540098,4.786367704325547,17.334043664825867,0.40067130331820144
ensemble,ens_par_pond,24,36,3.7821834638933103,4.813955031734143,17.40167362460339,0.31550737324579403
ensemble,ens_par_pond,48,36,4.109094647965614,5.138326602525135,18.877665230561615,0.2525279671155384
ensemble,ens_par_pond_sesgo,6,36,4.175115046593622,5.4858020628330815,20.763800926209733,0.023049051457012415
ensemble,ens_par_pond_sesgo,12,36,4.461192168160234,5.771007499776118,21.393554059928277,0.12872303690802545
ensemble,ens_par_pond_sesgo,24,36,4.495926137344438,5.855364025818433,20.734365157473913,-0.012680661144816474
ensemble,ens_par_pond_sesgo,48,36,4.750690025434777,6.1184286221195,21.787964036711468,-0.059818101258090284
ensemble,ens_trio_simple,6,36,3.4580925856528038,4.441110799751837,16.923817650204644,0.3597114896194177
ensemble,ens_trio_simple,12,36,3.7116217487241014,4.8194756787140305,17.484025659489912,0.39235134662139926
ensemble,ens_trio_simple,24,36,3.8097620650721185,4.798170524627309,17.44182716941748,0.31998878837665623
ensemble,ens_trio_simple,48,36,4.159843407876697,5.127311153104842,18.96169505018669,0.2557293652894932
ensemble,ens_trio_simple_sesgo,6,36,4.14979784339824,5.378927958606627,20.562332582082856,0.06074406629725204
ensemble,ens_trio_simple_sesgo,12,36,4.404451707483809,5.659412441274938,21.047439680830124,0.16209333639006385
ensemble,ens_trio_simple_sesgo,24,36,4.393240141171977,5.703189655973074,20.271761550916526,0.039272230204617675
ensemble,ens_trio_simple_sesgo,48,36,4.6515621281068755,5.947653868633543,21.2969325955582,-0.0014814501590132423
ensemble,ens_trio_pond,6,36,3.4606900198283093,4.442740568564602,16.929692519248388,0.3592414658957056
ensemble,ens_trio_pond,12,36,3.712242104381061,4.817288751218667,17.47594399478741,0.39290268545294205
ensemble,ens_trio_pond,24,36,3.808528399939839,4.7939058980787035,17.428428469122586,0.3211970426854528
ensemble,ens_trio_pond,48,36,4.157582984587656,5.12272038778858,18.940295378213534,0.2570615419806863
ensemble,ens_trio_pond_sesgo,6,36,4.147466039201598,5.376988945862049,20.552815438930313,0.06142111606578737
ensemble,ens_trio_pond_sesgo,12,36,4.402201026155332,5.6547837122695945,21.033976527538005,0.16346339268633814
ensemble,ens_trio_pond_sesgo,24,36,4.38721123278215,5.694802784699689,20.244916853121445,0.04209576444037488
ensemble,ens_trio_pond_sesgo,48,36,4.642924535100953,5.936282254019682,21.25401374626481,0.002344453050369455
